sector_code,cell_code,cell_name
RW.02.01.S01,RW.02.01.S01.C01,Biryogo
RW.02.01.S01,RW.02.01.S01.C02,Kabuye
RW.02.01.S01,RW.02.01.S01.C03,Kagomasi
RW.02.01.S01,RW.02.01.S01.C04,Mwendo
RW.02.01.S01,RW.02.01.S01.C05,Ramiro
RW.02.01.S02,RW.02.01.S02.C01,Juru
RW.02.01.S02,RW.02.01.S02.C02,Kabukuba
RW.02.01.S02,RW.02.01.S02.C03,Mugorore
RW.02.01.S02,RW.02.01.S02.C04,Musovu
RW.02.01.S02,RW.02.01.S02.C05,Rwinume
RW.02.01.S03,RW.02.01.S03.C01,Biharagu
RW.02.01.S03,RW.02.01.S03.C02,Burenge
RW.02.01.S03,RW.02.01.S03.C03,Kampeka
RW.02.01.S03,RW.02.01.S03.C04,Nyakayaga
RW.02.01.S03,RW.02.01.S03.C05,Tunda
RW.02.01.S04,RW.02.01.S04.C01,Bushenyi
RW.02.01.S04,RW.02.01.S04.C02,Gakomeye
RW.02.01.S04,RW.02.01.S04.C03,Nyamigina
RW.02.01.S04,RW.02.01.S04.C04,Rango
RW.02.01.S04,RW.02.01.S04.C05,Rugarama
RW.02.01.S05,RW.02.01.S05.C01,Gakamba
RW.02.01.S05,RW.02.01.S05.C02,Kagenge
RW.02.01.S05,RW.02.01.S05.C03,Kibenga
RW.02.01.S05,RW.02.01.S05.C04,Kibirizi
RW.02.01.S05,RW.02.01.S05.C05,Mbyo
RW.02.01.S06,RW.02.01.S06.C01,Gicaca
RW.02.01.S06,RW.02.01.S06.C02,Musenyi
RW.02.01.S06,RW.02.01.S06.C03,Nyagihunika
RW.02.01.S06,RW.02.01.S06.C04,Rulindo
RW.02.01.S07,RW.02.01.S07.C01,Bitaba
RW.02.01.S07,RW.02.01.S07.C02,Kagasa
RW.02.01.S07,RW.02.01.S07.C03,Rugunga
RW.02.01.S07,RW.02.01.S07.C04,Rurenge
RW.02.01.S08,RW.02.01.S08.C01,Gihembe
RW.02.01.S08,RW.02.01.S08.C02,Murama
RW.02.01.S08,RW.02.01.S08.C03,Ngeruka
RW.02.01.S08,RW.02.01.S08.C04,Nyakayenzi
RW.02.01.S08,RW.02.01.S08.C05,Rutonde
RW.02.01.S09,RW.02.01.S09.C01,Cyugaro
RW.02.01.S09,RW.02.01.S09.C02,Kanzenze
RW.02.01.S09,RW.02.01.S09.C03,Kibungo
RW.02.01.S10,RW.02.01.S10.C01,Kanazi
RW.02.01.S10,RW.02.01.S10.C02,Kayumba
RW.02.01.S10,RW.02.01.S10.C03,Maranyundo
RW.02.01.S10,RW.02.01.S10.C04,Murama
RW.02.01.S10,RW.02.01.S10.C05,NyamataYUmujyi
RW.02.01.S11,RW.02.01.S11.C01,Gihinga
RW.02.01.S11,RW.02.01.S11.C02,Kabuye
RW.02.01.S11,RW.02.01.S11.C03,Murambi
RW.02.01.S11,RW.02.01.S11.C04,Ngenda
RW.02.01.S11,RW.02.01.S11.C05,Rugando
RW.02.01.S12,RW.02.01.S12.C01,Kabeza
RW.02.01.S12,RW.02.01.S12.C02,Karera
RW.02.01.S12,RW.02.01.S12.C03,Kimaranzara
RW.02.01.S12,RW.02.01.S12.C04,Ntarama
RW.02.01.S12,RW.02.01.S12.C05,Nyabagendwa
RW.02.01.S13,RW.02.01.S13.C01,Bihari
RW.02.01.S13,RW.02.01.S13.C02,Gatanga
RW.02.01.S13,RW.02.01.S13.C03,Gikundamvura
RW.02.01.S13,RW.02.01.S13.C04,Kindama
RW.02.01.S13,RW.02.01.S13.C05,Ruhuha
RW.02.01.S14,RW.02.01.S14.C01,Batima
RW.02.01.S14,RW.02.01.S14.C02,Kintambwe
RW.02.01.S14,RW.02.01.S14.C03,Mazane
RW.02.01.S14,RW.02.01.S14.C04,Nemba
RW.02.01.S14,RW.02.01.S14.C05,Nkanga
RW.02.01.S14,RW.02.01.S14.C06,Sharita
RW.02.01.S15,RW.02.01.S15.C01,Kabagugu
RW.02.01.S15,RW.02.01.S15.C02,Kamabuye
RW.02.01.S15,RW.02.01.S15.C03,Nziranziza
RW.02.01.S15,RW.02.01.S15.C04,Rebero
RW.02.01.S15,RW.02.01.S15.C05,Rutare
RW.03.01.S01,RW.03.01.S01.C01,Bungwe
RW.03.01.S01,RW.03.01.S01.C02,Bushenya
RW.03.01.S01,RW.03.01.S01.C03,Mudugari
RW.03.01.S01,RW.03.01.S01.C04,Tumba
RW.03.01.S02,RW.03.01.S02.C01,Gatsibo
RW.03.01.S02,RW.03.01.S02.C02,Mubuga
RW.03.01.S02,RW.03.01.S02.C03,Muhotora
RW.03.01.S02,RW.03.01.S02.C04,Nyamicucu
RW.03.01.S02,RW.03.01.S02.C05,Rusumo
RW.03.01.S03,RW.03.01.S03.C01,Gasiza
RW.03.01.S03,RW.03.01.S03.C02,Gisovu
RW.03.01.S03,RW.03.01.S03.C03,Kabyiniro
RW.03.01.S03,RW.03.01.S03.C04,Kagitega
RW.03.01.S03,RW.03.01.S03.C05,Kamanyana
RW.03.01.S03,RW.03.01.S03.C06,Nyagahinga
RW.03.01.S04,RW.03.01.S04.C01,Butare
RW.03.01.S04,RW.03.01.S04.C02,Ndongozi
RW.03.01.S04,RW.03.01.S04.C03,Ruyange
RW.03.01.S05,RW.03.01.S05.C01,Buramba
RW.03.01.S05,RW.03.01.S05.C02,Gisizi
RW.03.01.S05,RW.03.01.S05.C03,Kidakama
RW.03.01.S05,RW.03.01.S05.C04,Nyangwe
RW.03.01.S05,RW.03.01.S05.C05,Rwasa
RW.03.01.S06,RW.03.01.S06.C01,Gabiro
RW.03.01.S06,RW.03.01.S06.C02,Musenda
RW.03.01.S06,RW.03.01.S06.C03,Rwambogo
RW.03.01.S06,RW.03.01.S06.C04,Rwasa
RW.03.01.S07,RW.03.01.S07.C01,Mariba
RW.03.01.S07,RW.03.01.S07.C02,Musasa
RW.03.01.S07,RW.03.01.S07.C03,Runoga
RW.03.01.S08,RW.03.01.S08.C01,Kabaya
RW.03.01.S08,RW.03.01.S08.C02,Kayenzi
RW.03.01.S08,RW.03.01.S08.C03,Kiringa
RW.03.01.S08,RW.03.01.S08.C04,Nyamabuye
RW.03.01.S09,RW.03.01.S09.C01,Gafuka
RW.03.01.S09,RW.03.01.S09.C02,Nkenke
RW.03.01.S09,RW.03.01.S09.C03,Nkumba
RW.03.01.S09,RW.03.01.S09.C04,Ntaruka
RW.03.01.S10,RW.03.01.S10.C01,Bugamba
RW.03.01.S10,RW.03.01.S10.C02,Kaganda
RW.03.01.S10,RW.03.01.S10.C03,Musasa
RW.03.01.S10,RW.03.01.S10.C04,Rutovu
RW.03.01.S11,RW.03.01.S11.C01,Bukwashuri
RW.03.01.S11,RW.03.01.S11.C02,Gashanje
RW.03.01.S11,RW.03.01.S11.C03,Murwa
RW.03.01.S11,RW.03.01.S11.C04,Nyirataba
RW.03.01.S12,RW.03.01.S12.C01,Kivumu
RW.03.01.S12,RW.03.01.S12.C02,Nyamugari
RW.03.01.S12,RW.03.01.S12.C03,Rubona
RW.03.01.S12,RW.03.01.S12.C04,Rushara
RW.03.01.S13,RW.03.01.S13.C01,Cyahi
RW.03.01.S13,RW.03.01.S13.C02,Gafumba
RW.03.01.S13,RW.03.01.S13.C03,Karangara
RW.03.01.S13,RW.03.01.S13.C04,Rurembo
RW.03.01.S14,RW.03.01.S14.C01,Kilibata
RW.03.01.S14,RW.03.01.S14.C02,Mucaca
RW.03.01.S14,RW.03.01.S14.C03,Nyanamo
RW.03.01.S14,RW.03.01.S14.C04,Rukandabyuma
RW.03.01.S15,RW.03.01.S15.C01,Gaseke
RW.03.01.S15,RW.03.01.S15.C02,Gatare
RW.03.01.S15,RW.03.01.S15.C03,Gitovu
RW.03.01.S15,RW.03.01.S15.C04,Rusekera
RW.03.01.S16,RW.03.01.S16.C01,Kabona
RW.03.01.S16,RW.03.01.S16.C02,Ndago
RW.03.01.S16,RW.03.01.S16.C03,Ruhanga
RW.03.01.S17,RW.03.01.S17.C01,Gacundura
RW.03.01.S17,RW.03.01.S17.C02,Gashoro
RW.03.01.S17,RW.03.01.S17.C03,Ruconsho
RW.03.01.S17,RW.03.01.S17.C04,Rugari
RW.03.02.S01,RW.03.02.S01.C01,Birambo
RW.03.02.S01,RW.03.02.S01.C02,Butereri
RW.03.02.S01,RW.03.02.S01.C03,Byibuhiro
RW.03.02.S01,RW.03.02.S01.C04,Kamina
RW.03.02.S01,RW.03.02.S01.C05,Kirabo
RW.03.02.S01,RW.03.02.S01.C06,Mwumba
RW.03.02.S01,RW.03.02.S01.C07,Ruhanga
RW.03.02.S02,RW.03.02.S02.C01,Kiruku
RW.03.02.S02,RW.03.02.S02.C02,Mbirima
RW.03.02.S02,RW.03.02.S02.C03,Nyange
RW.03.02.S02,RW.03.02.S02.C04,Nyanza
RW.03.02.S03,RW.03.02.S03.C01,Muhaza
RW.03.02.S03,RW.03.02.S03.C02,Muhororo
RW.03.02.S03,RW.03.02.S03.C03,Muramba
RW.03.02.S03,RW.03.02.S03.C04,Mutanda
RW.03.02.S03,RW.03.02.S03.C05,Rukore
RW.03.02.S04,RW.03.02.S04.C01,Buheta
RW.03.02.S04,RW.03.02.S04.C02,Kagoma
RW.03.02.S04,RW.03.02.S04.C03,Nganzo
RW.03.02.S04,RW.03.02.S04.C04,Rusagara
RW.03.02.S05,RW.03.02.S05.C01,Nyacyina
RW.03.02.S05,RW.03.02.S05.C02,Rukura
RW.03.02.S05,RW.03.02.S05.C03,Rutabo
RW.03.02.S05,RW.03.02.S05.C04,Rutenderi
RW.03.02.S05,RW.03.02.S05.C05,Taba
RW.03.02.S06,RW.03.02.S06.C01,Gakindo
RW.03.02.S06,RW.03.02.S06.C02,Gashyamba
RW.03.02.S06,RW.03.02.S06.C03,Gatwa
RW.03.02.S06,RW.03.02.S06.C04,Karukungu
RW.03.02.S07,RW.03.02.S07.C01,Kamubuga
RW.03.02.S07,RW.03.02.S07.C02,Kidomo
RW.03.02.S07,RW.03.02.S07.C03,Mbatabata
RW.03.02.S07,RW.03.02.S07.C04,Rukore
RW.03.02.S08,RW.03.02.S08.C01,Kanyanza
RW.03.02.S08,RW.03.02.S08.C02,Karambo
RW.03.02.S08,RW.03.02.S08.C03,Kirebe
RW.03.02.S09,RW.03.02.S09.C01,Cyintare
RW.03.02.S09,RW.03.02.S09.C02,Gasiza
RW.03.02.S09,RW.03.02.S09.C03,Rugimbu
RW.03.02.S09,RW.03.02.S09.C04,Ruhinga
RW.03.02.S09,RW.03.02.S09.C05,Sereri
RW.03.02.S10,RW.03.02.S10.C01,Buyange
RW.03.02.S10,RW.03.02.S10.C02,Gikombe
RW.03.02.S10,RW.03.02.S10.C03,Nyundo
RW.03.02.S11,RW.03.02.S11.C01,Gasiho
RW.03.02.S11,RW.03.02.S11.C02,Munyana
RW.03.02.S11,RW.03.02.S11.C03,Murambi
RW.03.02.S11,RW.03.02.S11.C04,Raba
RW.03.02.S12,RW.03.02.S12.C01,Gahinga
RW.03.02.S12,RW.03.02.S12.C02,Munyana
RW.03.02.S12,RW.03.02.S12.C03,Mutego
RW.03.02.S12,RW.03.02.S12.C04,Nkomane
RW.03.02.S12,RW.03.02.S12.C05,Rutabo
RW.03.02.S12,RW.03.02.S12.C06,Rutenderi
RW.03.02.S12,RW.03.02.S12.C07,Rwamambe
RW.03.02.S13,RW.03.02.S13.C01,Busake
RW.03.02.S13,RW.03.02.S13.C02,Bwenda
RW.03.02.S13,RW.03.02.S13.C03,Gasiza
RW.03.02.S13,RW.03.02.S13.C04,Gihinga
RW.03.02.S13,RW.03.02.S13.C05,Huro
RW.03.02.S13,RW.03.02.S13.C06,Musagara
RW.03.02.S13,RW.03.02.S13.C07,Musenyi
RW.03.02.S13,RW.03.02.S13.C08,Ruganda
RW.03.02.S13,RW.03.02.S13.C09,Rwinkuba
RW.03.02.S14,RW.03.02.S14.C01,Bumba
RW.03.02.S14,RW.03.02.S14.C02,Gisiza
RW.03.02.S14,RW.03.02.S14.C03,Karyango
RW.03.02.S14,RW.03.02.S14.C04,Nganzo
RW.03.02.S14,RW.03.02.S14.C05,Va
RW.03.02.S15,RW.03.02.S15.C01,Kabatezi
RW.03.02.S15,RW.03.02.S15.C02,Kiryamo
RW.03.02.S15,RW.03.02.S15.C03,Mubuga
RW.03.02.S15,RW.03.02.S15.C04,Mwiyando
RW.03.02.S15,RW.03.02.S15.C05,Rwa
RW.03.02.S16,RW.03.02.S16.C01,Buranga
RW.03.02.S16,RW.03.02.S16.C02,Gahinga
RW.03.02.S16,RW.03.02.S16.C03,Gisozi
RW.03.02.S16,RW.03.02.S16.C04,Mucaca
RW.03.02.S17,RW.03.02.S17.C01,Busoro
RW.03.02.S17,RW.03.02.S17.C02,Gikingo
RW.03.02.S17,RW.03.02.S17.C03,Jango
RW.03.02.S17,RW.03.02.S17.C04,Ruli
RW.03.02.S17,RW.03.02.S17.C05,Rwesero
RW.03.02.S18,RW.03.02.S18.C01,Gataba
RW.03.02.S18,RW.03.02.S18.C02,Kamonyi
RW.03.02.S18,RW.03.02.S18.C03,Murambi
RW.03.02.S18,RW.03.02.S18.C04,Nyundo
RW.03.02.S18,RW.03.02.S18.C05,Rumbi
RW.03.02.S18,RW.03.02.S18.C06,Rurembo
RW.03.02.S19,RW.03.02.S19.C01,Burimba
RW.03.02.S19,RW.03.02.S19.C02,Busanane
RW.03.02.S19,RW.03.02.S19.C03,Joma
RW.03.02.S19,RW.03.02.S19.C04,Kageyo
RW.03.02.S19,RW.03.02.S19.C05,Mbogo
RW.03.02.S19,RW.03.02.S19.C06,Razi
RW.03.02.S19,RW.03.02.S19.C07,Rwankuba
RW.03.02.S19,RW.03.02.S19.C08,Shyombwe
RW.01.01.S01,RW.01.01.S01.C01,Kinyaga
RW.01.01.S01,RW.01.01.S01.C02,Musave
RW.01.01.S01,RW.01.01.S01.C03,Mvuzo
RW.01.01.S01,RW.01.01.S01.C04,Ngara
RW.01.01.S01,RW.01.01.S01.C05,Nkuzuzu
RW.01.01.S01,RW.01.01.S01.C06,Nyabikenke
RW.01.01.S01,RW.01.01.S01.C07,Nyagasozi
RW.01.01.S02,RW.01.01.S02.C01,Karuruma
RW.01.01.S02,RW.01.01.S02.C02,Nyamabuye
RW.01.01.S02,RW.01.01.S02.C03,Nyamugari
RW.01.01.S03,RW.01.01.S03.C01,Gasagara
RW.01.01.S03,RW.01.01.S03.C02,Gicaca
RW.01.01.S03,RW.01.01.S03.C03,Kibara
RW.01.01.S03,RW.01.01.S03.C04,Munini
RW.01.01.S03,RW.01.01.S03.C05,Murambi
RW.01.01.S04,RW.01.01.S04.C01,Musezero
RW.01.01.S04,RW.01.01.S04.C02,Ruhango
RW.01.01.S05,RW.01.01.S05.C01,Akamatamu
RW.01.01.S05,RW.01.01.S05.C02,Bweramvura
RW.01.01.S05,RW.01.01.S05.C03,Kabuye
RW.01.01.S05,RW.01.01.S05.C04,Kidashya
RW.01.01.S05,RW.01.01.S05.C05,Ngiryi
RW.01.01.S06,RW.01.01.S06.C01,Agateko
RW.01.01.S06,RW.01.01.S06.C02,Buhiza
RW.01.01.S06,RW.01.01.S06.C03,Muko
RW.01.01.S06,RW.01.01.S06.C04,Nkusi
RW.01.01.S06,RW.01.01.S06.C05,Nyabuliba
RW.01.01.S06,RW.01.01.S06.C06,Nyakabungo
RW.01.01.S06,RW.01.01.S06.C07,Nyamitanga
RW.01.01.S07,RW.01.01.S07.C01,Kamatamu
RW.01.01.S07,RW.01.01.S07.C02,Kamutwa
RW.01.01.S07,RW.01.01.S07.C03,Kibaza
RW.01.01.S08,RW.01.01.S08.C01,Kamukina
RW.01.01.S08,RW.01.01.S08.C02,Kimihurura
RW.01.01.S08,RW.01.01.S08.C03,Rugando
RW.01.01.S09,RW.01.01.S09.C01,Bibare
RW.01.01.S09,RW.01.01.S09.C02,Kibagabaga
RW.01.01.S09,RW.01.01.S09.C03,Nyagatovu
RW.01.01.S10,RW.01.01.S10.C01,Gacuriro
RW.01.01.S10,RW.01.01.S10.C02,Gasharu
RW.01.01.S10,RW.01.01.S10.C03,Kagugu
RW.01.01.S10,RW.01.01.S10.C04,Murama
RW.01.01.S11,RW.01.01.S11.C01,Bwiza
RW.01.01.S11,RW.01.01.S11.C02,Cyaruzinge
RW.01.01.S11,RW.01.01.S11.C03,Kibenga
RW.01.01.S11,RW.01.01.S11.C04,Masoro
RW.01.01.S11,RW.01.01.S11.C05,Mukuyu
RW.01.01.S11,RW.01.01.S11.C06,Rudashya
RW.01.01.S12,RW.01.01.S12.C01,Butare
RW.01.01.S12,RW.01.01.S12.C02,Gasanze
RW.01.01.S12,RW.01.01.S12.C03,Gasura
RW.01.01.S12,RW.01.01.S12.C04,Gatunga
RW.01.01.S12,RW.01.01.S12.C05,Muremure
RW.01.01.S12,RW.01.01.S12.C06,Sha
RW.01.01.S12,RW.01.01.S12.C07,Shango
RW.01.01.S13,RW.01.01.S13.C01,Nyabisindu
RW.01.01.S13,RW.01.01.S13.C02,Nyarutarama
RW.01.01.S13,RW.01.01.S13.C03,RukiriI
RW.01.01.S13,RW.01.01.S13.C04,RukiriIi
RW.01.01.S14,RW.01.01.S14.C01,Bisenga
RW.01.01.S14,RW.01.01.S14.C02,Gasagara
RW.01.01.S14,RW.01.01.S14.C03,KabugaI
RW.01.01.S14,RW.01.01.S14.C04,KabugaIi
RW.01.01.S14,RW.01.01.S14.C05,Kinyana
RW.01.01.S14,RW.01.01.S14.C06,Mbandazi
RW.01.01.S14,RW.01.01.S14.C07,Nyagahinga
RW.01.01.S14,RW.01.01.S14.C08,Ruhanga
RW.01.01.S15,RW.01.01.S15.C01,Gasabo
RW.01.01.S15,RW.01.01.S15.C02,Indatemwa
RW.01.01.S15,RW.01.01.S15.C03,Kabaliza
RW.01.01.S15,RW.01.01.S15.C04,Kacyatwa
RW.01.01.S15,RW.01.01.S15.C05,Kibenga
RW.01.01.S15,RW.01.01.S15.C06,Kigabiro
RW.02.02.S01,RW.02.02.S01.C01,Kigabiro
RW.02.02.S01,RW.02.02.S01.C02,Kimana
RW.02.02.S01,RW.02.02.S01.C03,Teme
RW.02.02.S01,RW.02.02.S01.C04,Viro
RW.02.02.S02,RW.02.02.S02.C01,Gatsibo
RW.02.02.S02,RW.02.02.S02.C02,Manishya
RW.02.02.S02,RW.02.02.S02.C03,Mugera
RW.02.02.S02,RW.02.02.S02.C04,Nyabicwamba
RW.02.02.S02,RW.02.02.S02.C05,Nyagahanga
RW.02.02.S03,RW.02.02.S03.C01,Bukomane
RW.02.02.S03,RW.02.02.S03.C02,Cyabusheshe
RW.02.02.S03,RW.02.02.S03.C03,Karubungo
RW.02.02.S03,RW.02.02.S03.C04,Mpondwa
RW.02.02.S03,RW.02.02.S03.C05,Nyamirama
RW.02.02.S03,RW.02.02.S03.C06,Rubira
RW.02.02.S04,RW.02.02.S04.C01,Kabarore
RW.02.02.S04,RW.02.02.S04.C02,Kabeza
RW.02.02.S04,RW.02.02.S04.C03,Karenge
RW.02.02.S04,RW.02.02.S04.C04,Marimba
RW.02.02.S04,RW.02.02.S04.C05,Nyabikiri
RW.02.02.S04,RW.02.02.S04.C06,Simbwa
RW.02.02.S05,RW.02.02.S05.C01,Busetsa
RW.02.02.S05,RW.02.02.S05.C02,Gituza
RW.02.02.S05,RW.02.02.S05.C03,Kintu
RW.02.02.S05,RW.02.02.S05.C04,Nyagisozi
RW.02.02.S06,RW.02.02.S06.C01,Akabuga
RW.02.02.S06,RW.02.02.S06.C02,Gakenke
RW.02.02.S06,RW.02.02.S06.C03,Gakoni
RW.02.02.S06,RW.02.02.S06.C04,Nyabisindu
RW.02.02.S07,RW.02.02.S07.C01,Agakomeye
RW.02.02.S07,RW.02.02.S07.C02,Mbogo
RW.02.02.S07,RW.02.02.S07.C03,Ndatemwa
RW.02.02.S07,RW.02.02.S07.C04,Rubona
RW.02.02.S08,RW.02.02.S08.C01,Bibare
RW.02.02.S08,RW.02.02.S08.C02,Gakorokombe
RW.02.02.S08,RW.02.02.S08.C03,Mamfu
RW.02.02.S08,RW.02.02.S08.C04,Rumuli
RW.02.02.S08,RW.02.02.S08.C05,Taba
RW.02.02.S09,RW.02.02.S09.C01,Murambi
RW.02.02.S09,RW.02.02.S09.C02,Nyamiyaga
RW.02.02.S09,RW.02.02.S09.C03,Rwankuba
RW.02.02.S09,RW.02.02.S09.C04,Rwimitereri
RW.02.02.S10,RW.02.02.S10.C01,Bugamba
RW.02.02.S10,RW.02.02.S10.C02,Karambi
RW.02.02.S10,RW.02.02.S10.C03,Kigasha
RW.02.02.S10,RW.02.02.S10.C04,Ngarama
RW.02.02.S10,RW.02.02.S10.C05,Nyarubungo
RW.02.02.S11,RW.02.02.S11.C01,Gitinda
RW.02.02.S11,RW.02.02.S11.C02,Kibare
RW.02.02.S11,RW.02.02.S11.C03,Mayange
RW.02.02.S11,RW.02.02.S11.C04,Murambi
RW.02.02.S11,RW.02.02.S11.C05,Nyagitabire
RW.02.02.S11,RW.02.02.S11.C06,Nyamirama
RW.02.02.S12,RW.02.02.S12.C01,Bushobora
RW.02.02.S12,RW.02.02.S12.C02,Butiruka
RW.02.02.S12,RW.02.02.S12.C03,Kigabiro
RW.02.02.S12,RW.02.02.S12.C04,Nyagakombe
RW.02.02.S12,RW.02.02.S12.C05,Rurenge
RW.02.02.S12,RW.02.02.S12.C06,Rwarenga
RW.02.02.S13,RW.02.02.S13.C01,Bugarama
RW.02.02.S13,RW.02.02.S13.C02,Gihuta
RW.02.02.S13,RW.02.02.S13.C03,Kanyangese
RW.02.02.S13,RW.02.02.S13.C04,Matare
RW.02.02.S13,RW.02.02.S13.C05,Matunguru
RW.02.02.S13,RW.02.02.S13.C06,Remera
RW.02.02.S14,RW.02.02.S14.C01,Kiburara
RW.02.02.S14,RW.02.02.S14.C02,Munini
RW.02.02.S14,RW.02.02.S14.C03,Nyamatete
RW.02.02.S14,RW.02.02.S14.C04,Rwikiniro
RW.03.03.S01,RW.03.03.S01.C01,Karenge
RW.03.03.S01,RW.03.03.S01.C02,Kigabiro
RW.03.03.S01,RW.03.03.S01.C03,Kivumu
RW.03.03.S01,RW.03.03.S01.C04,Rwesero
RW.03.03.S02,RW.03.03.S02.C01,Bwisige
RW.03.03.S02,RW.03.03.S02.C02,Gihuke
RW.03.03.S02,RW.03.03.S02.C03,Mukono
RW.03.03.S02,RW.03.03.S02.C04,Nyabushingitwa
RW.03.03.S03,RW.03.03.S03.C01,Gacurabwenge
RW.03.03.S03,RW.03.03.S03.C02,Gisuna
RW.03.03.S03,RW.03.03.S03.C03,Kibali
RW.03.03.S03,RW.03.03.S03.C04,Kivugiza
RW.03.03.S03,RW.03.03.S03.C05,Murama
RW.03.03.S03,RW.03.03.S03.C06,Ngondore
RW.03.03.S03,RW.03.03.S03.C07,Nyakabungo
RW.03.03.S03,RW.03.03.S03.C08,Nyamabuye
RW.03.03.S03,RW.03.03.S03.C09,Nyarutarama
RW.03.03.S04,RW.03.03.S04.C01,Gasunzu
RW.03.03.S04,RW.03.03.S04.C02,Muhambo
RW.03.03.S04,RW.03.03.S04.C03,Nyakabungo
RW.03.03.S04,RW.03.03.S04.C04,Nyambare
RW.03.03.S04,RW.03.03.S04.C05,Nyaruka
RW.03.03.S04,RW.03.03.S04.C06,Rwankonjo
RW.03.03.S05,RW.03.03.S05.C01,Gatobotobo
RW.03.03.S05,RW.03.03.S05.C02,Murehe
RW.03.03.S05,RW.03.03.S05.C03,Tanda
RW.03.03.S06,RW.03.03.S06.C01,Gihembe
RW.03.03.S06,RW.03.03.S06.C02,Horezo
RW.03.03.S06,RW.03.03.S06.C03,Kabuga
RW.03.03.S06,RW.03.03.S06.C04,Muhondo
RW.03.03.S06,RW.03.03.S06.C05,Nyamiyaga
RW.03.03.S07,RW.03.03.S07.C01,Bugomba
RW.03.03.S07,RW.03.03.S07.C02,Gatoma
RW.03.03.S07,RW.03.03.S07.C03,Mulindi
RW.03.03.S07,RW.03.03.S07.C04,Nyarwambu
RW.03.03.S07,RW.03.03.S07.C05,Rukurura
RW.03.03.S08,RW.03.03.S08.C01,Kabuga
RW.03.03.S08,RW.03.03.S08.C02,Nyiragifumba
RW.03.03.S08,RW.03.03.S08.C03,Nyiravugiza
RW.03.03.S08,RW.03.03.S08.C04,Remera
RW.03.03.S08,RW.03.03.S08.C05,Rusekera
RW.03.03.S08,RW.03.03.S08.C06,Ryaruyumba
RW.03.03.S09,RW.03.03.S09.C01,Gakenke
RW.03.03.S09,RW.03.03.S09.C02,Miyove
RW.03.03.S09,RW.03.03.S09.C03,Mubuga
RW.03.03.S10,RW.03.03.S10.C01,Cyamuganga
RW.03.03.S10,RW.03.03.S10.C02,Gatenga
RW.03.03.S10,RW.03.03.S10.C03,Kiruhura
RW.03.03.S10,RW.03.03.S10.C04,Mutarama
RW.03.03.S10,RW.03.03.S10.C05,Rugerero
RW.03.03.S10,RW.03.03.S10.C06,Rusambya
RW.03.03.S11,RW.03.03.S11.C01,Cyamuhinda
RW.03.03.S11,RW.03.03.S11.C02,Kigoma
RW.03.03.S11,RW.03.03.S11.C03,Mwendo
RW.03.03.S11,RW.03.03.S11.C04,Ngange
RW.03.03.S11,RW.03.03.S11.C05,Rebero
RW.03.03.S12,RW.03.03.S12.C01,Gaseke
RW.03.03.S12,RW.03.03.S12.C02,Kabeza
RW.03.03.S12,RW.03.03.S12.C03,Musenyi
RW.03.03.S12,RW.03.03.S12.C04,Mutandi
RW.03.03.S12,RW.03.03.S12.C05,Nyarubuye
RW.03.03.S13,RW.03.03.S13.C01,Gahumuliza
RW.03.03.S13,RW.03.03.S13.C02,Jamba
RW.03.03.S13,RW.03.03.S13.C03,Kabeza
RW.03.03.S13,RW.03.03.S13.C04,Kabuga
RW.03.03.S13,RW.03.03.S13.C05,Karambo
RW.03.03.S13,RW.03.03.S13.C06,Kiziba
RW.03.03.S13,RW.03.03.S13.C07,Mataba
RW.03.03.S14,RW.03.03.S14.C01,Butare
RW.03.03.S14,RW.03.03.S14.C02,Kigogo
RW.03.03.S14,RW.03.03.S14.C03,Kinishya
RW.03.03.S14,RW.03.03.S14.C04,Rusasa
RW.03.03.S14,RW.03.03.S14.C05,Rutete
RW.03.03.S14,RW.03.03.S14.C06,Rwagihura
RW.03.03.S14,RW.03.03.S14.C07,Yaramba
RW.03.03.S15,RW.03.03.S15.C01,Gihanga
RW.03.03.S15,RW.03.03.S15.C02,Gishambashayo
RW.03.03.S15,RW.03.03.S15.C03,Gishari
RW.03.03.S15,RW.03.03.S15.C04,Muguramo
RW.03.03.S15,RW.03.03.S15.C05,Nyamiyaga
RW.03.03.S16,RW.03.03.S16.C01,Cyeya
RW.03.03.S16,RW.03.03.S16.C02,Cyuru
RW.03.03.S16,RW.03.03.S16.C03,Gisiza
RW.03.03.S16,RW.03.03.S16.C04,Kinyami
RW.03.03.S16,RW.03.03.S16.C05,Mabare
RW.03.03.S16,RW.03.03.S16.C06,Munyinya
RW.03.03.S17,RW.03.03.S17.C01,Gitega
RW.03.03.S17,RW.03.03.S17.C02,Kamutora
RW.03.03.S17,RW.03.03.S17.C03,Karurama
RW.03.03.S18,RW.03.03.S18.C01,Bikumba
RW.03.03.S18,RW.03.03.S18.C02,Gasharu
RW.03.03.S18,RW.03.03.S18.C03,Gatwaro
RW.03.03.S18,RW.03.03.S18.C04,Kigabiro
RW.03.03.S18,RW.03.03.S18.C05,Munanira
RW.03.03.S18,RW.03.03.S18.C06,Nkoto
RW.03.03.S19,RW.03.03.S19.C01,Cyandaro
RW.03.03.S19,RW.03.03.S19.C02,Gasambya
RW.03.03.S19,RW.03.03.S19.C03,Gashirira
RW.03.03.S19,RW.03.03.S19.C04,Kabare
RW.03.03.S19,RW.03.03.S19.C05,Rebero
RW.03.03.S19,RW.03.03.S19.C06,Ruhondo
RW.03.03.S20,RW.03.03.S20.C01,Cyeru
RW.03.03.S20,RW.03.03.S20.C02,Kigabiro
RW.03.03.S20,RW.03.03.S20.C03,Nyagahinga
RW.03.03.S21,RW.03.03.S21.C01,Bushara
RW.03.03.S21,RW.03.03.S21.C02,Kitazigurwa
RW.03.03.S21,RW.03.03.S21.C03,Nyabishambi
RW.03.03.S21,RW.03.03.S21.C04,Nyabubare
RW.03.03.S21,RW.03.03.S21.C05,Shangasha
RW.04.01.S01,RW.04.01.S01.C01,Cyiri
RW.04.01.S01,RW.04.01.S01.C02,Gasagara
RW.04.01.S01,RW.04.01.S01.C03,Gikonko
RW.04.01.S01,RW.04.01.S01.C04,Mbogo
RW.04.01.S02,RW.04.01.S02.C01,Gabiro
RW.04.01.S02,RW.04.01.S02.C02,Nyabitare
RW.04.01.S02,RW.04.01.S02.C03,Nyakibungo
RW.04.01.S02,RW.04.01.S02.C04,Nyeranzi
RW.04.01.S03,RW.04.01.S03.C01,Akaboti
RW.04.01.S03,RW.04.01.S03.C02,Bwiza
RW.04.01.S03,RW.04.01.S03.C03,Sabusaro
RW.04.01.S03,RW.04.01.S03.C04,Umunini
RW.04.01.S04,RW.04.01.S04.C01,Duwani
RW.04.01.S04,RW.04.01.S04.C02,Kibirizi
RW.04.01.S04,RW.04.01.S04.C03,Muyira
RW.04.01.S04,RW.04.01.S04.C04,Ruturo
RW.04.01.S05,RW.04.01.S05.C01,Agahabwa
RW.04.01.S05,RW.04.01.S05.C02,Gatovu
RW.04.01.S05,RW.04.01.S05.C03,Impinga
RW.04.01.S05,RW.04.01.S05.C04,Nyabikenke
RW.04.01.S05,RW.04.01.S05.C05,Rubona
RW.04.01.S05,RW.04.01.S05.C06,Rusagara
RW.04.01.S06,RW.04.01.S06.C01,Gakoma
RW.04.01.S06,RW.04.01.S06.C02,Kabumbwe
RW.04.01.S06,RW.04.01.S06.C03,Mamba
RW.04.01.S06,RW.04.01.S06.C04,Muyaga
RW.04.01.S06,RW.04.01.S06.C05,Ramba
RW.04.01.S07,RW.04.01.S07.C01,Cyumba
RW.04.01.S07,RW.04.01.S07.C02,Muganza
RW.04.01.S07,RW.04.01.S07.C03,Remera
RW.04.01.S07,RW.04.01.S07.C04,Rwamiko
RW.04.01.S07,RW.04.01.S07.C05,Saga
RW.04.01.S08,RW.04.01.S08.C01,Baziro
RW.04.01.S08,RW.04.01.S08.C02,Kibayi
RW.04.01.S08,RW.04.01.S08.C03,Kibu
RW.04.01.S08,RW.04.01.S08.C04,Mugombwa
RW.04.01.S08,RW.04.01.S08.C05,Mukomacara
RW.04.01.S09,RW.04.01.S09.C01,Gitega
RW.04.01.S09,RW.04.01.S09.C02,Mukiza
RW.04.01.S09,RW.04.01.S09.C03,Nyabisagara
RW.04.01.S09,RW.04.01.S09.C04,Runyinya
RW.04.01.S10,RW.04.01.S10.C01,Bukinanyana
RW.04.01.S10,RW.04.01.S10.C02,Gatovu
RW.04.01.S10,RW.04.01.S10.C03,Kigarama
RW.04.01.S10,RW.04.01.S10.C04,Kimana
RW.04.01.S11,RW.04.01.S11.C01,Bweya
RW.04.01.S11,RW.04.01.S11.C02,Cyamukuza
RW.04.01.S11,RW.04.01.S11.C03,Dahwe
RW.04.01.S11,RW.04.01.S11.C04,Gisagara
RW.04.01.S11,RW.04.01.S11.C05,Mukande
RW.04.01.S12,RW.04.01.S12.C01,Higiro
RW.04.01.S12,RW.04.01.S12.C02,Nyamugari
RW.04.01.S12,RW.04.01.S12.C03,Nyaruteja
RW.04.01.S12,RW.04.01.S12.C04,Umubanga
RW.04.01.S13,RW.04.01.S13.C01,Gatoki
RW.04.01.S13,RW.04.01.S13.C02,Munazi
RW.04.01.S13,RW.04.01.S13.C03,Rwanza
RW.04.01.S13,RW.04.01.S13.C04,Shyanda
RW.04.01.S13,RW.04.01.S13.C05,Zivu
RW.04.02.S01,RW.04.02.S01.C01,Nyakibanda
RW.04.02.S01,RW.04.02.S01.C02,Nyumba
RW.04.02.S01,RW.04.02.S01.C03,Ryakibogo
RW.04.02.S01,RW.04.02.S01.C04,Shori
RW.04.02.S02,RW.04.02.S02.C01,Muyogoro
RW.04.02.S02,RW.04.02.S02.C02,Nyakagezi
RW.04.02.S02,RW.04.02.S02.C03,Rukira
RW.04.02.S02,RW.04.02.S02.C04,Sovu
RW.04.02.S03,RW.04.02.S03.C01,Buhoro
RW.04.02.S03,RW.04.02.S03.C02,Bunazi
RW.04.02.S03,RW.04.02.S03.C03,Gahororo
RW.04.02.S03,RW.04.02.S03.C04,Kibingo
RW.04.02.S03,RW.04.02.S03.C05,Muhembe
RW.04.02.S04,RW.04.02.S04.C01,Gishihe
RW.04.02.S04,RW.04.02.S04.C02,Kabatwa
RW.04.02.S04,RW.04.02.S04.C03,Kabuga
RW.04.02.S04,RW.04.02.S04.C04,Karambi
RW.04.02.S04,RW.04.02.S04.C05,Musebeya
RW.04.02.S04,RW.04.02.S04.C06,Nyabisindu
RW.04.02.S04,RW.04.02.S04.C07,Rugarama
RW.04.02.S04,RW.04.02.S04.C08,Shanga
RW.04.02.S05,RW.04.02.S05.C01,Byinza
RW.04.02.S05,RW.04.02.S05.C02,Gahana
RW.04.02.S05,RW.04.02.S05.C03,Gitovu
RW.04.02.S05,RW.04.02.S05.C04,Kabona
RW.04.02.S05,RW.04.02.S05.C05,Sazange
RW.04.02.S06,RW.04.02.S06.C01,Buremera
RW.04.02.S06,RW.04.02.S06.C02,Gasumba
RW.04.02.S06,RW.04.02.S06.C03,Kabuye
RW.04.02.S06,RW.04.02.S06.C04,Kanyinya
RW.04.02.S06,RW.04.02.S06.C05,Shanga
RW.04.02.S06,RW.04.02.S06.C06,Shyembe
RW.04.02.S07,RW.04.02.S07.C01,Gatobotobo
RW.04.02.S07,RW.04.02.S07.C02,Kabuga
RW.04.02.S07,RW.04.02.S07.C03,Mutunda
RW.04.02.S07,RW.04.02.S07.C04,Mwulire
RW.04.02.S07,RW.04.02.S07.C05,Rugango
RW.04.02.S07,RW.04.02.S07.C06,Rusagara
RW.04.02.S07,RW.04.02.S07.C07,Tare
RW.04.02.S08,RW.04.02.S08.C01,Bukomeye
RW.04.02.S08,RW.04.02.S08.C02,Buvumu
RW.04.02.S08,RW.04.02.S08.C03,Icyeru
RW.04.02.S08,RW.04.02.S08.C04,RangoA
RW.04.02.S09,RW.04.02.S09.C01,Butare
RW.04.02.S09,RW.04.02.S09.C02,Kaburemera
RW.04.02.S09,RW.04.02.S09.C03,Matyazo
RW.04.02.S09,RW.04.02.S09.C04,Ngoma
RW.04.02.S10,RW.04.02.S10.C01,Busheshi
RW.04.02.S10,RW.04.02.S10.C02,Gatovu
RW.04.02.S10,RW.04.02.S10.C03,Karama
RW.04.02.S10,RW.04.02.S10.C04,Mara
RW.04.02.S10,RW.04.02.S10.C05,Muhororo
RW.04.02.S10,RW.04.02.S10.C06,Rugogwe
RW.04.02.S10,RW.04.02.S10.C07,Ruhashya
RW.04.02.S11,RW.04.02.S11.C01,Buhimba
RW.04.02.S11,RW.04.02.S11.C02,Gafumba
RW.04.02.S11,RW.04.02.S11.C03,Kimirehe
RW.04.02.S11,RW.04.02.S11.C04,Kimuna
RW.04.02.S11,RW.04.02.S11.C05,Kiruhura
RW.04.02.S11,RW.04.02.S11.C06,Mugogwe
RW.04.02.S12,RW.04.02.S12.C01,Gatwaro
RW.04.02.S12,RW.04.02.S12.C02,Kamwambi
RW.04.02.S12,RW.04.02.S12.C03,Kibiraro
RW.04.02.S12,RW.04.02.S12.C04,Mwendo
RW.04.02.S12,RW.04.02.S12.C05,Nyamabuye
RW.04.02.S12,RW.04.02.S12.C06,Nyaruhombo
RW.04.02.S12,RW.04.02.S12.C07,Shyunga
RW.04.02.S13,RW.04.02.S13.C01,Cyendajuru
RW.04.02.S13,RW.04.02.S13.C02,Gisakura
RW.04.02.S13,RW.04.02.S13.C03,Kabusanza
RW.04.02.S13,RW.04.02.S13.C04,Mugobore
RW.04.02.S13,RW.04.02.S13.C05,Nyangazi
RW.04.02.S14,RW.04.02.S14.C01,Cyarwa
RW.04.02.S14,RW.04.02.S14.C02,Cyimana
RW.04.02.S14,RW.04.02.S14.C03,Gitwa
RW.04.02.S14,RW.04.02.S14.C04,Mpare
RW.04.02.S14,RW.04.02.S14.C05,RangoB
RW.04.03.S01,RW.04.03.S01.C01,Gihinga
RW.04.03.S01,RW.04.03.S01.C02,Gihira
RW.04.03.S01,RW.04.03.S01.C03,Kigembe
RW.04.03.S01,RW.04.03.S01.C04,Nkingo
RW.04.03.S02,RW.04.03.S02.C01,Bitare
RW.04.03.S02,RW.04.03.S02.C02,Bunyonga
RW.04.03.S02,RW.04.03.S02.C03,Muganza
RW.04.03.S02,RW.04.03.S02.C04,Nyamirembe
RW.04.03.S03,RW.04.03.S03.C01,Bugarama
RW.04.03.S03,RW.04.03.S03.C02,Cubi
RW.04.03.S03,RW.04.03.S03.C03,Kayonza
RW.04.03.S03,RW.04.03.S03.C04,Kirwa
RW.04.03.S03,RW.04.03.S03.C05,Mataba
RW.04.03.S03,RW.04.03.S03.C06,Nyamirama
RW.04.03.S04,RW.04.03.S04.C01,Busoro
RW.04.03.S04,RW.04.03.S04.C02,Gaseke
RW.04.03.S04,RW.04.03.S04.C03,Giko
RW.04.03.S04,RW.04.03.S04.C04,Muyange
RW.04.03.S05,RW.04.03.S05.C01,Jenda
RW.04.03.S05,RW.04.03.S05.C02,Kabugondo
RW.04.03.S05,RW.04.03.S05.C03,Mbati
RW.04.03.S05,RW.04.03.S05.C04,Mugina
RW.04.03.S05,RW.04.03.S05.C05,Nteko
RW.04.03.S06,RW.04.03.S06.C01,Buhoro
RW.04.03.S06,RW.04.03.S06.C02,Cyambwe
RW.04.03.S06,RW.04.03.S06.C03,Karengera
RW.04.03.S06,RW.04.03.S06.C04,Kivumu
RW.04.03.S06,RW.04.03.S06.C05,Mpushi
RW.04.03.S06,RW.04.03.S06.C06,Rukambura
RW.04.03.S07,RW.04.03.S07.C01,Kabuga
RW.04.03.S07,RW.04.03.S07.C02,Kazirabonde
RW.04.03.S07,RW.04.03.S07.C03,Marembo
RW.04.03.S08,RW.04.03.S08.C01,Bibungo
RW.04.03.S08,RW.04.03.S08.C02,Kabashumba
RW.04.03.S08,RW.04.03.S08.C03,Kidahwe
RW.04.03.S08,RW.04.03.S08.C04,Mukinga
RW.04.03.S08,RW.04.03.S08.C05,Ngoma
RW.04.03.S09,RW.04.03.S09.C01,Gitare
RW.04.03.S09,RW.04.03.S09.C02,Kambyeyi
RW.04.03.S09,RW.04.03.S09.C03,Kigusa
RW.04.03.S09,RW.04.03.S09.C04,Nyagishubi
RW.04.03.S09,RW.04.03.S09.C05,Ruyanza
RW.04.03.S10,RW.04.03.S10.C01,Bihembe
RW.04.03.S10,RW.04.03.S10.C02,Kigese
RW.04.03.S10,RW.04.03.S10.C03,Masaka
RW.04.03.S10,RW.04.03.S10.C04,Nyarubuye
RW.04.03.S10,RW.04.03.S10.C05,Sheli
RW.04.03.S11,RW.04.03.S11.C01,Bugoba
RW.04.03.S11,RW.04.03.S11.C02,Buguri
RW.04.03.S11,RW.04.03.S11.C03,Gishyeshye
RW.04.03.S11,RW.04.03.S11.C04,Murehe
RW.04.03.S11,RW.04.03.S11.C05,Mwirute
RW.04.03.S11,RW.04.03.S11.C06,Remera
RW.04.03.S11,RW.04.03.S11.C07,Taba
RW.04.03.S12,RW.04.03.S12.C01,Gihara
RW.04.03.S12,RW.04.03.S12.C02,Kabagesera
RW.04.03.S12,RW.04.03.S12.C03,Kagina
RW.04.03.S12,RW.04.03.S12.C04,Muganza
RW.04.03.S12,RW.04.03.S12.C05,Ruyenzi
RW.05.01.S01,RW.05.01.S01.C01,Burunga
RW.05.01.S01,RW.05.01.S01.C02,Gasura
RW.05.01.S01,RW.05.01.S01.C03,Gitarama
RW.05.01.S01,RW.05.01.S01.C04,Kayenzi
RW.05.01.S01,RW.05.01.S01.C05,Kibuye
RW.05.01.S01,RW.05.01.S01.C06,Kiniha
RW.05.01.S01,RW.05.01.S01.C07,Nyarusazi
RW.05.01.S02,RW.05.01.S02.C01,Birambo
RW.05.01.S02,RW.05.01.S02.C02,Musasa
RW.05.01.S02,RW.05.01.S02.C03,Mwendo
RW.05.01.S02,RW.05.01.S02.C04,Rugobagoba
RW.05.01.S02,RW.05.01.S02.C05,Tongati
RW.05.01.S03,RW.05.01.S03.C01,Buhoro
RW.05.01.S03,RW.05.01.S03.C02,Cyanya
RW.05.01.S03,RW.05.01.S03.C03,Kigarama
RW.05.01.S03,RW.05.01.S03.C04,Munanira
RW.05.01.S03,RW.05.01.S03.C05,Musasa
RW.05.01.S03,RW.05.01.S03.C06,Ngoma
RW.05.01.S04,RW.05.01.S04.C01,Gasharu
RW.05.01.S04,RW.05.01.S04.C02,Gitega
RW.05.01.S04,RW.05.01.S04.C03,Kanunga
RW.05.01.S04,RW.05.01.S04.C04,Kirambo
RW.05.01.S04,RW.05.01.S04.C05,Munanira
RW.05.01.S04,RW.05.01.S04.C06,Nyamiringa
RW.05.01.S04,RW.05.01.S04.C07,Ruhinga
RW.05.01.S04,RW.05.01.S04.C08,Rwariro
RW.05.01.S05,RW.05.01.S05.C01,Kagabiro
RW.05.01.S05,RW.05.01.S05.C02,Murangara
RW.05.01.S05,RW.05.01.S05.C03,Nyagatovu
RW.05.01.S05,RW.05.01.S05.C04,Ryaruhanga
RW.05.01.S06,RW.05.01.S06.C01,Mubuga
RW.05.01.S06,RW.05.01.S06.C02,Muhororo
RW.05.01.S06,RW.05.01.S06.C03,Nkoto
RW.05.01.S06,RW.05.01.S06.C04,Nyarunyinya
RW.05.01.S06,RW.05.01.S06.C05,Shyembe
RW.05.01.S07,RW.05.01.S07.C01,Bukiro
RW.05.01.S07,RW.05.01.S07.C02,Kabaya
RW.05.01.S07,RW.05.01.S07.C03,Kamina
RW.05.01.S07,RW.05.01.S07.C04,Kareba
RW.05.01.S07,RW.05.01.S07.C05,Nyamushishi
RW.05.01.S07,RW.05.01.S07.C06,Nzaratsi
RW.05.01.S08,RW.05.01.S08.C01,Byogo
RW.05.01.S08,RW.05.01.S08.C02,Gasharu
RW.05.01.S08,RW.05.01.S08.C03,Gisayura
RW.05.01.S08,RW.05.01.S08.C04,Kanyege
RW.05.01.S08,RW.05.01.S08.C05,Kinyonzwe
RW.05.01.S08,RW.05.01.S08.C06,Murengezo
RW.05.01.S08,RW.05.01.S08.C07,Rwufi
RW.05.01.S09,RW.05.01.S09.C01,Bubazi
RW.05.01.S09,RW.05.01.S09.C02,Gacaca
RW.05.01.S09,RW.05.01.S09.C03,Gisanze
RW.05.01.S09,RW.05.01.S09.C04,Gitwa
RW.05.01.S09,RW.05.01.S09.C05,Kibirizi
RW.05.01.S09,RW.05.01.S09.C06,Mataba
RW.05.01.S09,RW.05.01.S09.C07,Nyarugenge
RW.05.01.S09,RW.05.01.S09.C08,Ruragwe
RW.05.01.S10,RW.05.01.S10.C01,Gisiza
RW.05.01.S10,RW.05.01.S10.C02,Gitega
RW.05.01.S10,RW.05.01.S10.C03,Gitovu
RW.05.01.S10,RW.05.01.S10.C04,Kabuga
RW.05.01.S10,RW.05.01.S10.C05,Mubuga
RW.05.01.S10,RW.05.01.S10.C06,Mucyimba
RW.05.01.S10,RW.05.01.S10.C07,Rufungo
RW.05.01.S10,RW.05.01.S10.C08,Rwungo
RW.05.01.S10,RW.05.01.S10.C09,Tyazo
RW.05.01.S11,RW.05.01.S11.C01,Biguhu
RW.05.01.S11,RW.05.01.S11.C02,Kabingo
RW.05.01.S11,RW.05.01.S11.C03,Kinyovu
RW.05.01.S11,RW.05.01.S11.C04,Kivumu
RW.05.01.S11,RW.05.01.S11.C05,Nyabikeri
RW.05.01.S11,RW.05.01.S11.C06,Nyamugwagwa
RW.05.01.S11,RW.05.01.S11.C07,Rubona
RW.05.01.S11,RW.05.01.S11.C08,Rugobagoba
RW.05.01.S12,RW.05.01.S12.C01,Bigugu
RW.05.01.S12,RW.05.01.S12.C02,Bisesero
RW.05.01.S12,RW.05.01.S12.C03,Gasata
RW.05.01.S12,RW.05.01.S12.C04,Munini
RW.05.01.S12,RW.05.01.S12.C05,Nyakamira
RW.05.01.S12,RW.05.01.S12.C06,Nyarusanga
RW.05.01.S12,RW.05.01.S12.C07,Rubazo
RW.05.01.S12,RW.05.01.S12.C08,Rubumba
RW.05.01.S13,RW.05.01.S13.C01,Bihumbe
RW.05.01.S13,RW.05.01.S13.C02,Gakuta
RW.05.01.S13,RW.05.01.S13.C03,Gisovu
RW.05.01.S13,RW.05.01.S13.C04,Gitabura
RW.05.01.S13,RW.05.01.S13.C05,Kavumu
RW.05.01.S13,RW.05.01.S13.C06,Murehe
RW.05.01.S13,RW.05.01.S13.C07,Rutabi
RW.02.03.S01,RW.02.03.S01.C01,Juru
RW.02.03.S01,RW.02.03.S01.C02,Kahi
RW.02.03.S01,RW.02.03.S01.C03,Kiyenzi
RW.02.03.S01,RW.02.03.S01.C04,Urugarama
RW.02.03.S02,RW.02.03.S02.C01,Cyarubare
RW.02.03.S02,RW.02.03.S02.C02,Gitara
RW.02.03.S02,RW.02.03.S02.C03,Kirehe
RW.02.03.S02,RW.02.03.S02.C04,Rubimba
RW.02.03.S02,RW.02.03.S02.C05,Rubumba
RW.02.03.S03,RW.02.03.S03.C01,Cyabajwa
RW.02.03.S03,RW.02.03.S03.C02,Cyinzovu
RW.02.03.S03,RW.02.03.S03.C03,Kabura
RW.02.03.S03,RW.02.03.S03.C04,Rusera
RW.02.03.S04,RW.02.03.S04.C01,Bwiza
RW.02.03.S04,RW.02.03.S04.C02,Kayonza
RW.02.03.S04,RW.02.03.S04.C03,Mburabuturo
RW.02.03.S04,RW.02.03.S04.C04,Nyagatovu
RW.02.03.S04,RW.02.03.S04.C05,Rugendabari
RW.02.03.S05,RW.02.03.S05.C01,Bunyentongo
RW.02.03.S05,RW.02.03.S05.C02,Muko
RW.02.03.S05,RW.02.03.S05.C03,Murama
RW.02.03.S05,RW.02.03.S05.C04,Nyakanazi
RW.02.03.S05,RW.02.03.S05.C05,Rusave
RW.02.03.S06,RW.02.03.S06.C01,Buhabwa
RW.02.03.S06,RW.02.03.S06.C02,Karambi
RW.02.03.S06,RW.02.03.S06.C03,Murundi
RW.02.03.S06,RW.02.03.S06.C04,Ryamanyoni
RW.02.03.S07,RW.02.03.S07.C01,Kageyo
RW.02.03.S07,RW.02.03.S07.C02,Migera
RW.02.03.S07,RW.02.03.S07.C03,Nyamugari
RW.02.03.S07,RW.02.03.S07.C04,Nyawera
RW.02.03.S08,RW.02.03.S08.C01,Byimana
RW.02.03.S08,RW.02.03.S08.C02,Isangano
RW.02.03.S08,RW.02.03.S08.C03,Karambi
RW.02.03.S08,RW.02.03.S08.C04,Kiyovu
RW.02.03.S09,RW.02.03.S09.C01,Gikaya
RW.02.03.S09,RW.02.03.S09.C02,Musumba
RW.02.03.S09,RW.02.03.S09.C03,Rurambi
RW.02.03.S09,RW.02.03.S09.C04,Shyogo
RW.02.03.S10,RW.02.03.S10.C01,Kawangire
RW.02.03.S10,RW.02.03.S10.C02,Rukara
RW.02.03.S10,RW.02.03.S10.C03,Rwimishinya
RW.02.03.S11,RW.02.03.S11.C01,Bugambira
RW.02.03.S11,RW.02.03.S11.C02,Nkamba
RW.02.03.S11,RW.02.03.S11.C03,Ruyonza
RW.02.03.S11,RW.02.03.S11.C04,Umubuga
RW.02.03.S12,RW.02.03.S12.C01,Gihinga
RW.02.03.S12,RW.02.03.S12.C02,Mbarara
RW.02.03.S12,RW.02.03.S12.C03,Mukoyoyo
RW.02.03.S12,RW.02.03.S12.C04,Nkondo
RW.01.02.S01,RW.01.02.S01.C01,Gahanga
RW.01.02.S01,RW.01.02.S01.C02,Kagasa
RW.01.02.S01,RW.01.02.S01.C03,Karembure
RW.01.02.S01,RW.01.02.S01.C04,Murinja
RW.01.02.S01,RW.01.02.S01.C05,Nunga
RW.01.02.S01,RW.01.02.S01.C06,Rwabutenge
RW.01.02.S02,RW.01.02.S02.C01,Gatenga
RW.01.02.S02,RW.01.02.S02.C02,Karambo
RW.01.02.S02,RW.01.02.S02.C03,Nyanza
RW.01.02.S02,RW.01.02.S02.C04,Nyarurama
RW.01.02.S03,RW.01.02.S03.C01,Kagunga
RW.01.02.S03,RW.01.02.S03.C02,Kanserege
RW.01.02.S03,RW.01.02.S03.C03,Kinunga
RW.01.02.S04,RW.01.02.S04.C01,Kanserege
RW.01.02.S04,RW.01.02.S04.C02,Muyange
RW.01.02.S04,RW.01.02.S04.C03,Rukatsa
RW.01.02.S05,RW.01.02.S05.C01,Busanza
RW.01.02.S05,RW.01.02.S05.C02,Kabeza
RW.01.02.S05,RW.01.02.S05.C03,Karama
RW.01.02.S05,RW.01.02.S05.C04,Rubirizi
RW.01.02.S06,RW.01.02.S06.C01,Gasharu
RW.01.02.S06,RW.01.02.S06.C02,Kagina
RW.01.02.S06,RW.01.02.S06.C03,Kicukiro
RW.01.02.S06,RW.01.02.S06.C04,Ngoma
RW.01.02.S07,RW.01.02.S07.C01,Bwerankori
RW.01.02.S07,RW.01.02.S07.C02,Karugira
RW.01.02.S07,RW.01.02.S07.C03,Kigarama
RW.01.02.S07,RW.01.02.S07.C04,Nyarurama
RW.01.02.S07,RW.01.02.S07.C05,Rwampara
RW.01.02.S08,RW.01.02.S08.C01,Ayabaraya
RW.01.02.S08,RW.01.02.S08.C02,Cyimo
RW.01.02.S08,RW.01.02.S08.C03,Gako
RW.01.02.S08,RW.01.02.S08.C04,Gitaraga
RW.01.02.S08,RW.01.02.S08.C05,Mbabe
RW.01.02.S08,RW.01.02.S08.C06,Rusheshe
RW.01.02.S09,RW.01.02.S09.C01,Gatare
RW.01.02.S09,RW.01.02.S09.C02,Niboye
RW.01.02.S09,RW.01.02.S09.C03,Nyakabanda
RW.01.02.S10,RW.01.02.S10.C01,Kamashashi
RW.01.02.S10,RW.01.02.S10.C02,Nonko
RW.01.02.S10,RW.01.02.S10.C03,Rwimbogo
RW.02.04.S01,RW.02.04.S01.C01,Butezi
RW.02.04.S01,RW.02.04.S01.C02,Muhamba
RW.02.04.S01,RW.02.04.S01.C03,Murehe
RW.02.04.S01,RW.02.04.S01.C04,Nyagasenyi
RW.02.04.S01,RW.02.04.S01.C05,Nyakagezi
RW.02.04.S01,RW.02.04.S01.C06,Rubimba
RW.02.04.S02,RW.02.04.S02.C01,Curazo
RW.02.04.S02,RW.02.04.S02.C02,Cyunuzi
RW.02.04.S02,RW.02.04.S02.C03,Muganza
RW.02.04.S02,RW.02.04.S02.C04,Nyamiryango
RW.02.04.S02,RW.02.04.S02.C05,Rwabutazi
RW.02.04.S02,RW.02.04.S02.C06,Rwantonde
RW.02.04.S03,RW.02.04.S03.C01,Cyanya
RW.02.04.S03,RW.02.04.S03.C02,Kigarama
RW.02.04.S03,RW.02.04.S03.C03,Kiremera
RW.02.04.S03,RW.02.04.S03.C04,Nyakerera
RW.02.04.S03,RW.02.04.S03.C05,Nyankurazo
RW.02.04.S04,RW.02.04.S04.C01,Gatarama
RW.02.04.S04,RW.02.04.S04.C02,Rugarama
RW.02.04.S04,RW.02.04.S04.C03,Ruhanga
RW.02.04.S04,RW.02.04.S04.C04,Rwanteru
RW.02.04.S05,RW.02.04.S05.C01,Gahama
RW.02.04.S05,RW.02.04.S05.C02,Kirehe
RW.02.04.S05,RW.02.04.S05.C03,Nyabigega
RW.02.04.S05,RW.02.04.S05.C04,Nyabikokora
RW.02.04.S05,RW.02.04.S05.C05,Rwesero
RW.02.04.S06,RW.02.04.S06.C01,Kamombo
RW.02.04.S06,RW.02.04.S06.C02,Mwoga
RW.02.04.S06,RW.02.04.S06.C03,Saruhembe
RW.02.04.S06,RW.02.04.S06.C04,Umunini
RW.02.04.S07,RW.02.04.S07.C01,Bwiyorere
RW.02.04.S07,RW.02.04.S07.C02,Kankobwa
RW.02.04.S07,RW.02.04.S07.C03,Mpanga
RW.02.04.S07,RW.02.04.S07.C04,Mushongi
RW.02.04.S07,RW.02.04.S07.C05,Nasho
RW.02.04.S07,RW.02.04.S07.C06,Nyakabungo
RW.02.04.S07,RW.02.04.S07.C07,Rubaya
RW.02.04.S08,RW.02.04.S08.C01,Gasarabwayi
RW.02.04.S08,RW.02.04.S08.C02,Kabuga
RW.02.04.S08,RW.02.04.S08.C03,Mubuga
RW.02.04.S08,RW.02.04.S08.C04,Musaza
RW.02.04.S08,RW.02.04.S08.C05,Nganda
RW.02.04.S09,RW.02.04.S09.C01,Bisagara
RW.02.04.S09,RW.02.04.S09.C02,Cyamigurwa
RW.02.04.S09,RW.02.04.S09.C03,Rugarama
RW.02.04.S09,RW.02.04.S09.C04,Rwanyamuhanga
RW.02.04.S09,RW.02.04.S09.C05,Rwayikona
RW.02.04.S10,RW.02.04.S10.C01,Cyambwe
RW.02.04.S10,RW.02.04.S10.C02,Kagese
RW.02.04.S10,RW.02.04.S10.C03,Ntaruka
RW.02.04.S10,RW.02.04.S10.C04,Rubirizi
RW.02.04.S10,RW.02.04.S10.C05,Rugoma
RW.02.04.S11,RW.02.04.S11.C01,Bukora
RW.02.04.S11,RW.02.04.S11.C02,Kagasa
RW.02.04.S11,RW.02.04.S11.C03,Kazizi
RW.02.04.S11,RW.02.04.S11.C04,Kiyanzi
RW.02.04.S11,RW.02.04.S11.C05,Nyamugari
RW.02.04.S12,RW.02.04.S12.C01,Mareba
RW.02.04.S12,RW.02.04.S12.C02,Nyabitare
RW.02.04.S12,RW.02.04.S12.C03,Nyarutunga
RW.04.04.S01,RW.04.04.S01.C01,Biringaga
RW.04.04.S01,RW.04.04.S01.C02,Kigarama
RW.04.04.S01,RW.04.04.S01.C03,Kivumu
RW.04.04.S01,RW.04.04.S01.C04,Makera
RW.04.04.S01,RW.04.04.S01.C05,Nyarunyinya
RW.04.04.S01,RW.04.04.S01.C06,Shori
RW.04.04.S02,RW.04.04.S02.C01,Buramba
RW.04.04.S02,RW.04.04.S02.C02,Butare
RW.04.04.S02,RW.04.04.S02.C03,Kabuye
RW.04.04.S02,RW.04.04.S02.C04,Kavumu
RW.04.04.S02,RW.04.04.S02.C05,Kibyimba
RW.04.04.S02,RW.04.04.S02.C06,Ngarama
RW.04.04.S02,RW.04.04.S02.C07,Ngoma
RW.04.04.S02,RW.04.04.S02.C08,Sholi
RW.04.04.S03,RW.04.04.S03.C01,Gisharu
RW.04.04.S03,RW.04.04.S03.C02,Gitega
RW.04.04.S03,RW.04.04.S03.C03,Jurwe
RW.04.04.S03,RW.04.04.S03.C04,Mubuga
RW.04.04.S03,RW.04.04.S03.C05,Rubyiniro
RW.04.04.S03,RW.04.04.S03.C06,Ryakanimba
RW.04.04.S04,RW.04.04.S04.C01,Budende
RW.04.04.S04,RW.04.04.S04.C02,Ndago
RW.04.04.S04,RW.04.04.S04.C03,Remera
RW.04.04.S04,RW.04.04.S04.C04,Ruhina
RW.04.04.S04,RW.04.04.S04.C05,Rukeri
RW.04.04.S05,RW.04.04.S05.C01,Kanyinya
RW.04.04.S05,RW.04.04.S05.C02,Nganzo
RW.04.04.S05,RW.04.04.S05.C03,Nyamirama
RW.04.04.S05,RW.04.04.S05.C04,Remera
RW.04.04.S05,RW.04.04.S05.C05,Tyazo
RW.04.04.S06,RW.04.04.S06.C01,Matyazo
RW.04.04.S06,RW.04.04.S06.C02,Munazi
RW.04.04.S06,RW.04.04.S06.C03,Nyagasozi
RW.04.04.S06,RW.04.04.S06.C04,Rukaragata
RW.04.04.S06,RW.04.04.S06.C05,Rwasare
RW.04.04.S06,RW.04.04.S06.C06,Rwigerero
RW.04.04.S07,RW.04.04.S07.C01,Gashorera
RW.04.04.S07,RW.04.04.S07.C02,Masangano
RW.04.04.S07,RW.04.04.S07.C03,Mbuga
RW.04.04.S07,RW.04.04.S07.C04,Muvumba
RW.04.04.S07,RW.04.04.S07.C05,Nyarusozi
RW.04.04.S08,RW.04.04.S08.C01,Gahogo
RW.04.04.S08,RW.04.04.S08.C02,Gifumba
RW.04.04.S08,RW.04.04.S08.C03,Gitarama
RW.04.04.S08,RW.04.04.S08.C04,Remera
RW.04.04.S09,RW.04.04.S09.C01,Mbiriri
RW.04.04.S09,RW.04.04.S09.C02,Musongati
RW.04.04.S09,RW.04.04.S09.C03,Ngaru
RW.04.04.S09,RW.04.04.S09.C04,Rusovu
RW.04.04.S10,RW.04.04.S10.C01,Gasagara
RW.04.04.S10,RW.04.04.S10.C02,Gasharu
RW.04.04.S10,RW.04.04.S10.C03,Karambo
RW.04.04.S10,RW.04.04.S10.C04,Nyamirambo
RW.04.04.S10,RW.04.04.S10.C05,Ruhango
RW.04.04.S11,RW.04.04.S11.C01,Gasave
RW.04.04.S11,RW.04.04.S11.C02,Kanyana
RW.04.04.S11,RW.04.04.S11.C03,Kibaga
RW.04.04.S11,RW.04.04.S11.C04,Mpinga
RW.04.04.S11,RW.04.04.S11.C05,Nsanga
RW.04.04.S12,RW.04.04.S12.C01,Kinini
RW.04.04.S12,RW.04.04.S12.C02,Mbare
RW.04.04.S12,RW.04.04.S12.C03,Mubuga
RW.04.04.S12,RW.04.04.S12.C04,Ruli
RW.03.04.S01,RW.03.04.S01.C01,Gisesero
RW.03.04.S01,RW.03.04.S01.C02,Kavumu
RW.03.04.S01,RW.03.04.S01.C03,Nyagisozi
RW.03.04.S01,RW.03.04.S01.C04,Sahara
RW.03.04.S02,RW.03.04.S02.C01,Bukinanyana
RW.03.04.S02,RW.03.04.S02.C02,Buruba
RW.03.04.S02,RW.03.04.S02.C03,Cyanya
RW.03.04.S02,RW.03.04.S02.C04,Kabeza
RW.03.04.S02,RW.03.04.S02.C05,Migeshi
RW.03.04.S02,RW.03.04.S02.C06,Rwebeya
RW.03.04.S03,RW.03.04.S03.C01,Gakoro
RW.03.04.S03,RW.03.04.S03.C02,Gasakuza
RW.03.04.S03,RW.03.04.S03.C03,Kabirizi
RW.03.04.S03,RW.03.04.S03.C04,Karwasa
RW.03.04.S04,RW.03.04.S04.C01,Kigabiro
RW.03.04.S04,RW.03.04.S04.C02,Kivumu
RW.03.04.S04,RW.03.04.S04.C03,Mbwe
RW.03.04.S04,RW.03.04.S04.C04,Muharuro
RW.03.04.S05,RW.03.04.S05.C01,Mudakama
RW.03.04.S05,RW.03.04.S05.C02,Murago
RW.03.04.S05,RW.03.04.S05.C03,Rubindi
RW.03.04.S05,RW.03.04.S05.C04,Rungu
RW.03.04.S06,RW.03.04.S06.C01,Birira
RW.03.04.S06,RW.03.04.S06.C02,Buramira
RW.03.04.S06,RW.03.04.S06.C03,Kivumu
RW.03.04.S06,RW.03.04.S06.C04,Mbizi
RW.03.04.S07,RW.03.04.S07.C01,Bisoke
RW.03.04.S07,RW.03.04.S07.C02,Kaguhu
RW.03.04.S07,RW.03.04.S07.C03,Kampanga
RW.03.04.S07,RW.03.04.S07.C04,Nyabigoma
RW.03.04.S07,RW.03.04.S07.C05,Nyonirima
RW.03.04.S08,RW.03.04.S08.C01,Cyabararika
RW.03.04.S08,RW.03.04.S08.C02,Kigombe
RW.03.04.S08,RW.03.04.S08.C03,Mpenge
RW.03.04.S08,RW.03.04.S08.C04,Ruhengeri
RW.03.04.S09,RW.03.04.S09.C01,Cyivugiza
RW.03.04.S09,RW.03.04.S09.C02,Cyogo
RW.03.04.S09,RW.03.04.S09.C03,Mburabuturo
RW.03.04.S09,RW.03.04.S09.C04,Songa
RW.03.04.S10,RW.03.04.S10.C01,Cyabagarura
RW.03.04.S10,RW.03.04.S10.C02,Garuka
RW.03.04.S10,RW.03.04.S10.C03,Kabazungu
RW.03.04.S10,RW.03.04.S10.C04,Nyarubuye
RW.03.04.S10,RW.03.04.S10.C05,Rwambogo
RW.03.04.S11,RW.03.04.S11.C01,Bikara
RW.03.04.S11,RW.03.04.S11.C02,Gashinga
RW.03.04.S11,RW.03.04.S11.C03,Mubago
RW.03.04.S11,RW.03.04.S11.C04,Rugeshi
RW.03.04.S11,RW.03.04.S11.C05,Ruyumba
RW.03.04.S12,RW.03.04.S12.C01,Cyivugiza
RW.03.04.S12,RW.03.04.S12.C02,Kabeza
RW.03.04.S12,RW.03.04.S12.C03,Kamwumba
RW.03.04.S12,RW.03.04.S12.C04,Muhabura
RW.03.04.S12,RW.03.04.S12.C05,Ninda
RW.03.04.S13,RW.03.04.S13.C01,Gasongero
RW.03.04.S13,RW.03.04.S13.C02,Kamisave
RW.03.04.S13,RW.03.04.S13.C03,Murandi
RW.03.04.S13,RW.03.04.S13.C04,Murwa
RW.03.04.S13,RW.03.04.S13.C05,Rurambo
RW.03.04.S14,RW.03.04.S14.C01,Bumara
RW.03.04.S14,RW.03.04.S14.C02,Kabushinge
RW.03.04.S14,RW.03.04.S14.C03,Musezero
RW.03.04.S14,RW.03.04.S14.C04,Nturo
RW.03.04.S14,RW.03.04.S14.C05,Nyarubuye
RW.03.04.S15,RW.03.04.S15.C01,Gakingo
RW.03.04.S15,RW.03.04.S15.C02,Kibuguzo
RW.03.04.S15,RW.03.04.S15.C03,Mudende
RW.03.04.S15,RW.03.04.S15.C04,Mugari
RW.02.05.S01,RW.02.05.S01.C01,Cyerwa
RW.02.05.S01,RW.02.05.S01.C02,Giseri
RW.02.05.S01,RW.02.05.S01.C03,Munege
RW.02.05.S01,RW.02.05.S01.C04,Mutsindo
RW.02.05.S02,RW.02.05.S02.C01,Ihanika
RW.02.05.S02,RW.02.05.S02.C02,Jarama
RW.02.05.S02,RW.02.05.S02.C03,Karenge
RW.02.05.S02,RW.02.05.S02.C04,Kibimba
RW.02.05.S02,RW.02.05.S02.C05,Kigoma
RW.02.05.S03,RW.02.05.S03.C01,Akaziba
RW.02.05.S03,RW.02.05.S03.C02,Karaba
RW.02.05.S03,RW.02.05.S03.C03,Nyamirambo
RW.02.05.S04,RW.02.05.S04.C01,Birenga
RW.02.05.S04,RW.02.05.S04.C02,Gahurire
RW.02.05.S04,RW.02.05.S04.C03,Karama
RW.02.05.S04,RW.02.05.S04.C04,Kinyonzo
RW.02.05.S04,RW.02.05.S04.C05,Umukamba
RW.02.05.S05,RW.02.05.S05.C01,Cyasemakamba
RW.02.05.S05,RW.02.05.S05.C02,Gahima
RW.02.05.S05,RW.02.05.S05.C03,Gatonde
RW.02.05.S05,RW.02.05.S05.C04,Karenge
RW.02.05.S05,RW.02.05.S05.C05,Mahango
RW.02.05.S06,RW.02.05.S06.C01,Akabungo
RW.02.05.S06,RW.02.05.S06.C02,Mugatare
RW.02.05.S06,RW.02.05.S06.C03,Ntanga
RW.02.05.S06,RW.02.05.S06.C04,Nyamugari
RW.02.05.S06,RW.02.05.S06.C05,Nyange
RW.02.05.S07,RW.02.05.S07.C01,Gitaraga
RW.02.05.S07,RW.02.05.S07.C02,Kigabiro
RW.02.05.S07,RW.02.05.S07.C03,Mvumba
RW.02.05.S07,RW.02.05.S07.C04,Rurenge
RW.02.05.S07,RW.02.05.S07.C05,Sakara
RW.02.05.S08,RW.02.05.S08.C01,Karwema
RW.02.05.S08,RW.02.05.S08.C02,Kibare
RW.02.05.S08,RW.02.05.S08.C03,Mutenderi
RW.02.05.S08,RW.02.05.S08.C04,Muzingira
RW.02.05.S08,RW.02.05.S08.C05,Nyagasozi
RW.02.05.S09,RW.02.05.S09.C01,Bugera
RW.02.05.S09,RW.02.05.S09.C02,Kinunga
RW.02.05.S09,RW.02.05.S09.C03,Ndekwe
RW.02.05.S09,RW.02.05.S09.C04,Nyamagana
RW.02.05.S10,RW.02.05.S10.C01,Buliba
RW.02.05.S10,RW.02.05.S10.C02,Kibatsi
RW.02.05.S10,RW.02.05.S10.C03,Nyaruvumu
RW.02.05.S10,RW.02.05.S10.C04,Nyinya
RW.02.05.S11,RW.02.05.S11.C01,Gituza
RW.02.05.S11,RW.02.05.S11.C02,Ntovi
RW.02.05.S11,RW.02.05.S11.C03,Rubago
RW.02.05.S11,RW.02.05.S11.C04,Rubona
RW.02.05.S11,RW.02.05.S11.C05,Rwintashya
RW.02.05.S12,RW.02.05.S12.C01,Akagarama
RW.02.05.S12,RW.02.05.S12.C02,Muhurire
RW.02.05.S12,RW.02.05.S12.C03,Musya
RW.02.05.S12,RW.02.05.S12.C04,Rugese
RW.02.05.S12,RW.02.05.S12.C05,Rujambara
RW.02.05.S12,RW.02.05.S12.C06,Rwikubo
RW.02.05.S13,RW.02.05.S13.C01,Gafunzo
RW.02.05.S13,RW.02.05.S13.C02,Kibonde
RW.02.05.S13,RW.02.05.S13.C03,Nkanga
RW.02.05.S13,RW.02.05.S13.C04,Rukoma
RW.02.05.S14,RW.02.05.S14.C01,Nyagasozi
RW.02.05.S14,RW.02.05.S14.C02,Nyagatugunda
RW.02.05.S14,RW.02.05.S14.C03,Ruhembe
RW.02.05.S14,RW.02.05.S14.C04,Ruhinga
RW.05.02.S01,RW.05.02.S01.C01,Bungwe
RW.05.02.S01,RW.05.02.S01.C02,Cyahafi
RW.05.02.S01,RW.05.02.S01.C03,Gashubi
RW.05.02.S01,RW.05.02.S01.C04,Kabarondo
RW.05.02.S01,RW.05.02.S01.C05,Ruhindage
RW.05.02.S02,RW.05.02.S02.C01,Cyome
RW.05.02.S02,RW.05.02.S02.C02,Gatsibo
RW.05.02.S02,RW.05.02.S02.C03,Kamasiga
RW.05.02.S02,RW.05.02.S02.C04,Karambo
RW.05.02.S02,RW.05.02.S02.C05,Ruhanga
RW.05.02.S02,RW.05.02.S02.C06,Rusumo
RW.05.02.S03,RW.05.02.S03.C01,Gatare
RW.05.02.S03,RW.05.02.S03.C02,Gatega
RW.05.02.S03,RW.05.02.S03.C03,Kajinge
RW.05.02.S03,RW.05.02.S03.C04,Marantima
RW.05.02.S03,RW.05.02.S03.C05,Rugendabari
RW.05.02.S03,RW.05.02.S03.C06,Runyinya
RW.05.02.S04,RW.05.02.S04.C01,Busunzu
RW.05.02.S04,RW.05.02.S04.C02,Gaseke
RW.05.02.S04,RW.05.02.S04.C03,Kabaya
RW.05.02.S04,RW.05.02.S04.C04,Mwendo
RW.05.02.S04,RW.05.02.S04.C05,Ngoma
RW.05.02.S04,RW.05.02.S04.C06,Nyenyeri
RW.05.02.S05,RW.05.02.S05.C01,Kageshi
RW.05.02.S05,RW.05.02.S05.C02,Kirwa
RW.05.02.S05,RW.05.02.S05.C03,Mukore
RW.05.02.S05,RW.05.02.S05.C04,Muramba
RW.05.02.S05,RW.05.02.S05.C05,Nyamata
RW.05.02.S05,RW.05.02.S05.C06,Rwamamara
RW.05.02.S06,RW.05.02.S06.C01,Birembo
RW.05.02.S06,RW.05.02.S06.C02,Gitwa
RW.05.02.S06,RW.05.02.S06.C03,Murinzi
RW.05.02.S06,RW.05.02.S06.C04,Nyamugeyo
RW.05.02.S06,RW.05.02.S06.C05,Rugeshi
RW.05.02.S06,RW.05.02.S06.C06,Tetero
RW.05.02.S07,RW.05.02.S07.C01,Binana
RW.05.02.S07,RW.05.02.S07.C02,Gitega
RW.05.02.S07,RW.05.02.S07.C03,Matare
RW.05.02.S07,RW.05.02.S07.C04,Rutare
RW.05.02.S07,RW.05.02.S07.C05,Rwamiko
RW.05.02.S08,RW.05.02.S08.C01,Bugarura
RW.05.02.S08,RW.05.02.S08.C02,Gasiza
RW.05.02.S08,RW.05.02.S08.C03,Mashya
RW.05.02.S08,RW.05.02.S08.C04,Nganzo
RW.05.02.S08,RW.05.02.S08.C05,Ngoma
RW.05.02.S08,RW.05.02.S08.C06,Rutagara
RW.05.02.S09,RW.05.02.S09.C01,Bweramana
RW.05.02.S09,RW.05.02.S09.C02,Mubuga
RW.05.02.S09,RW.05.02.S09.C03,Myiha
RW.05.02.S09,RW.05.02.S09.C04,Rugogwe
RW.05.02.S09,RW.05.02.S09.C05,Rusororo
RW.05.02.S09,RW.05.02.S09.C06,Sanza
RW.05.02.S10,RW.05.02.S10.C01,Bijyojyo
RW.05.02.S10,RW.05.02.S10.C02,Bitabage
RW.05.02.S10,RW.05.02.S10.C03,Kabageshi
RW.05.02.S10,RW.05.02.S10.C04,Kibanda
RW.05.02.S10,RW.05.02.S10.C05,Kinyovi
RW.05.02.S11,RW.05.02.S11.C01,Kaseke
RW.05.02.S11,RW.05.02.S11.C02,Kazabe
RW.05.02.S11,RW.05.02.S11.C03,Mugano
RW.05.02.S11,RW.05.02.S11.C04,Nyange
RW.05.02.S11,RW.05.02.S11.C05,Rususa
RW.05.02.S11,RW.05.02.S11.C06,Torero
RW.05.02.S12,RW.05.02.S12.C01,Bambiro
RW.05.02.S12,RW.05.02.S12.C02,Gaseke
RW.05.02.S12,RW.05.02.S12.C03,Nsibo
RW.05.02.S12,RW.05.02.S12.C04,Vuganyana
RW.05.02.S13,RW.05.02.S13.C01,Birembo
RW.05.02.S13,RW.05.02.S13.C02,Kagano
RW.05.02.S13,RW.05.02.S13.C03,Kanyana
RW.05.02.S13,RW.05.02.S13.C04,Musenyi
RW.05.02.S13,RW.05.02.S13.C05,Nyabipfura
RW.05.02.S13,RW.05.02.S13.C06,Rutovu
RW.05.03.S01,RW.05.03.S01.C01,Arusha
RW.05.03.S01,RW.05.03.S01.C02,Basumba
RW.05.03.S01,RW.05.03.S01.C03,Kijote
RW.05.03.S01,RW.05.03.S01.C04,Kora
RW.05.03.S01,RW.05.03.S01.C05,Muhe
RW.05.03.S01,RW.05.03.S01.C06,Rega
RW.05.03.S02,RW.05.03.S02.C01,Bukinanyana
RW.05.03.S02,RW.05.03.S02.C02,Gasizi
RW.05.03.S02,RW.05.03.S02.C03,Kabatezi
RW.05.03.S02,RW.05.03.S02.C04,Kareba
RW.05.03.S02,RW.05.03.S02.C05,Nyirakigugu
RW.05.03.S02,RW.05.03.S02.C06,Rega
RW.05.03.S03,RW.05.03.S03.C01,Gasiza
RW.05.03.S03,RW.05.03.S03.C02,Gasura
RW.05.03.S03,RW.05.03.S03.C03,Gisizi
RW.05.03.S03,RW.05.03.S03.C04,Guriro
RW.05.03.S03,RW.05.03.S03.C05,Kavumu
RW.05.03.S03,RW.05.03.S03.C06,Nyamitanzi
RW.05.03.S04,RW.05.03.S04.C01,Batikoti
RW.05.03.S04,RW.05.03.S04.C02,Cyamvumba
RW.05.03.S04,RW.05.03.S04.C03,Gihorwe
RW.05.03.S04,RW.05.03.S04.C04,Myuga
RW.05.03.S04,RW.05.03.S04.C05,Ngando
RW.05.03.S04,RW.05.03.S04.C06,Rugarama
RW.05.03.S05,RW.05.03.S05.C01,Busoro
RW.05.03.S05,RW.05.03.S05.C02,Cyamabuye
RW.05.03.S05,RW.05.03.S05.C03,Gatagara
RW.05.03.S05,RW.05.03.S05.C04,Gihirwa
RW.05.03.S05,RW.05.03.S05.C05,Kadahenda
RW.05.03.S05,RW.05.03.S05.C06,Karengera
RW.05.03.S06,RW.05.03.S06.C01,Gatovu
RW.05.03.S06,RW.05.03.S06.C02,Kintobo
RW.05.03.S06,RW.05.03.S06.C03,Nyagisozi
RW.05.03.S06,RW.05.03.S06.C04,Nyamugari
RW.05.03.S06,RW.05.03.S06.C05,Rukondo
RW.05.03.S06,RW.05.03.S06.C06,Ryinyo
RW.05.03.S07,RW.05.03.S07.C01,Gasizi
RW.05.03.S07,RW.05.03.S07.C02,Jaba
RW.05.03.S07,RW.05.03.S07.C03,Kanyove
RW.05.03.S07,RW.05.03.S07.C04,Rubaya
RW.05.03.S07,RW.05.03.S07.C05,Rugeshi
RW.05.03.S07,RW.05.03.S07.C06,Rukoma
RW.05.03.S07,RW.05.03.S07.C07,Rurengeri
RW.05.03.S08,RW.05.03.S08.C01,Gisizi
RW.05.03.S08,RW.05.03.S08.C02,Mulinga
RW.05.03.S08,RW.05.03.S08.C03,Mwiyanike
RW.05.03.S08,RW.05.03.S08.C04,Nkomane
RW.05.03.S08,RW.05.03.S08.C05,Nyamasheke
RW.05.03.S08,RW.05.03.S08.C06,Rwantobo
RW.05.03.S09,RW.05.03.S09.C01,Birembo
RW.05.03.S09,RW.05.03.S09.C02,Guriro
RW.05.03.S09,RW.05.03.S09.C03,Kibisabo
RW.05.03.S09,RW.05.03.S09.C04,Mutaho
RW.05.03.S09,RW.05.03.S09.C05,Nyundo
RW.05.03.S09,RW.05.03.S09.C06,Rugamba
RW.05.03.S10,RW.05.03.S10.C01,Gakoro
RW.05.03.S10,RW.05.03.S10.C02,Marangara
RW.05.03.S10,RW.05.03.S10.C03,Nyagahondo
RW.05.03.S10,RW.05.03.S10.C04,Nyarutembe
RW.05.03.S10,RW.05.03.S10.C05,Rurembo
RW.05.03.S10,RW.05.03.S10.C06,Tyazo
RW.05.03.S11,RW.05.03.S11.C01,Gahondo
RW.05.03.S11,RW.05.03.S11.C02,Gitega
RW.05.03.S11,RW.05.03.S11.C03,Kirimbogo
RW.05.03.S11,RW.05.03.S11.C04,Murambi
RW.05.03.S11,RW.05.03.S11.C05,Mwana
RW.05.03.S11,RW.05.03.S11.C06,Rwaza
RW.05.03.S12,RW.05.03.S12.C01,Cyimanzovu
RW.05.03.S12,RW.05.03.S12.C02,Kanyamitana
RW.05.03.S12,RW.05.03.S12.C03,Kintarure
RW.05.03.S12,RW.05.03.S12.C04,Mpinga
RW.05.03.S12,RW.05.03.S12.C05,Mutanda
RW.05.03.S12,RW.05.03.S12.C06,Shaki
RW.02.06.S01,RW.02.06.S01.C01,Cyagaju
RW.02.06.S01,RW.02.06.S01.C02,Kabeza
RW.02.06.S01,RW.02.06.S01.C03,Nyamikamba
RW.02.06.S01,RW.02.06.S01.C04,Nyamirembe
RW.02.06.S01,RW.02.06.S01.C05,Nyangara
RW.02.06.S01,RW.02.06.S01.C06,Nyarurema
RW.02.06.S01,RW.02.06.S01.C07,Rwensheke
RW.02.06.S02,RW.02.06.S02.C01,Bushara
RW.02.06.S02,RW.02.06.S02.C02,Cyenkwanzi
RW.02.06.S02,RW.02.06.S02.C03,Gikagati
RW.02.06.S02,RW.02.06.S02.C04,Gikundamvura
RW.02.06.S02,RW.02.06.S02.C05,Kabuga
RW.02.06.S02,RW.02.06.S02.C06,Ndego
RW.02.06.S02,RW.02.06.S02.C07,Nyakiga
RW.02.06.S03,RW.02.06.S03.C01,Kamate
RW.02.06.S03,RW.02.06.S03.C02,Karama
RW.02.06.S03,RW.02.06.S03.C03,Kizirakome
RW.02.06.S03,RW.02.06.S03.C04,Mbare
RW.02.06.S03,RW.02.06.S03.C05,Musenyi
RW.02.06.S03,RW.02.06.S03.C06,Ndama
RW.02.06.S03,RW.02.06.S03.C07,Nyagashanga
RW.02.06.S03,RW.02.06.S03.C08,Nyamirama
RW.02.06.S03,RW.02.06.S03.C09,Rubagabaga
RW.02.06.S03,RW.02.06.S03.C10,Rwenyemera
RW.02.06.S03,RW.02.06.S03.C11,Rwisirabo
RW.02.06.S04,RW.02.06.S04.C01,Bayigaburire
RW.02.06.S04,RW.02.06.S04.C02,Kaduha
RW.02.06.S04,RW.02.06.S04.C03,Kanyeganyege
RW.02.06.S04,RW.02.06.S04.C04,Katabagemu
RW.02.06.S04,RW.02.06.S04.C05,Kigarama
RW.02.06.S04,RW.02.06.S04.C06,Nyakigando
RW.02.06.S04,RW.02.06.S04.C07,Rubira
RW.02.06.S04,RW.02.06.S04.C08,Rugazi
RW.02.06.S04,RW.02.06.S04.C09,Rutoma
RW.02.06.S05,RW.02.06.S05.C01,Gataba
RW.02.06.S05,RW.02.06.S05.C02,Gitenga
RW.02.06.S05,RW.02.06.S05.C03,Kabungo
RW.02.06.S05,RW.02.06.S05.C04,Karambo
RW.02.06.S05,RW.02.06.S05.C05,Karujumba
RW.02.06.S05,RW.02.06.S05.C06,Tovu
RW.02.06.S06,RW.02.06.S06.C01,Bwera
RW.02.06.S06,RW.02.06.S06.C02,Byimana
RW.02.06.S06,RW.02.06.S06.C03,Cyembogo
RW.02.06.S06,RW.02.06.S06.C04,Kagitumba
RW.02.06.S06,RW.02.06.S06.C05,Kanyonza
RW.02.06.S06,RW.02.06.S06.C06,Matimba
RW.02.06.S06,RW.02.06.S06.C07,Nyabwishongwezi
RW.02.06.S06,RW.02.06.S06.C08,Rwentanga
RW.02.06.S07,RW.02.06.S07.C01,Bibare
RW.02.06.S07,RW.02.06.S07.C02,Gakoma
RW.02.06.S07,RW.02.06.S07.C03,Mahoro
RW.02.06.S07,RW.02.06.S07.C04,Mimuri
RW.02.06.S07,RW.02.06.S07.C05,Rugari
RW.02.06.S08,RW.02.06.S08.C01,Bufunda
RW.02.06.S08,RW.02.06.S08.C02,Gatete
RW.02.06.S08,RW.02.06.S08.C03,Gihengeri
RW.02.06.S08,RW.02.06.S08.C04,Gishororo
RW.02.06.S08,RW.02.06.S08.C05,Kagina
RW.02.06.S08,RW.02.06.S08.C06,Rugarama
RW.02.06.S09,RW.02.06.S09.C01,Kibirizi
RW.02.06.S09,RW.02.06.S09.C02,Kijojo
RW.02.06.S09,RW.02.06.S09.C03,Musheri
RW.02.06.S09,RW.02.06.S09.C04,Ntoma
RW.02.06.S09,RW.02.06.S09.C05,Nyagatabire
RW.02.06.S09,RW.02.06.S09.C06,Nyamiyonga
RW.02.06.S09,RW.02.06.S09.C07,RugaramaI
RW.02.06.S09,RW.02.06.S09.C08,RugaramaIi
RW.02.06.S10,RW.02.06.S10.C01,Barija
RW.02.06.S10,RW.02.06.S10.C02,Bushoga
RW.02.06.S10,RW.02.06.S10.C03,Cyabayaga
RW.02.06.S10,RW.02.06.S10.C04,Gakirage
RW.02.06.S10,RW.02.06.S10.C05,Kamagiri
RW.02.06.S10,RW.02.06.S10.C06,Nsheke
RW.02.06.S10,RW.02.06.S10.C07,Nyagatare
RW.02.06.S10,RW.02.06.S10.C08,Rutaraka
RW.02.06.S10,RW.02.06.S10.C09,Ryabega
RW.02.06.S11,RW.02.06.S11.C01,Gahurura
RW.02.06.S11,RW.02.06.S11.C02,Gashenyi
RW.02.06.S11,RW.02.06.S11.C03,Nyakagarama
RW.02.06.S11,RW.02.06.S11.C04,RukomoIi
RW.02.06.S11,RW.02.06.S11.C05,Rurenge
RW.02.06.S12,RW.02.06.S12.C01,Cyenjonjo
RW.02.06.S12,RW.02.06.S12.C02,Gasinga
RW.02.06.S12,RW.02.06.S12.C03,Kabare
RW.02.06.S12,RW.02.06.S12.C04,Kazaza
RW.02.06.S12,RW.02.06.S12.C05,Mishenyi
RW.02.06.S12,RW.02.06.S12.C06,Rugarama
RW.02.06.S12,RW.02.06.S12.C07,Rukorota
RW.02.06.S12,RW.02.06.S12.C08,Rutare
RW.02.06.S12,RW.02.06.S12.C09,Rwempasha
RW.02.06.S12,RW.02.06.S12.C10,Ryeru
RW.02.06.S13,RW.02.06.S13.C01,Gacundezi
RW.02.06.S13,RW.02.06.S13.C02,Kabeza
RW.02.06.S13,RW.02.06.S13.C03,Kirebe
RW.02.06.S13,RW.02.06.S13.C04,Ntoma
RW.02.06.S13,RW.02.06.S13.C05,Nyarupfubire
RW.02.06.S13,RW.02.06.S13.C06,Nyendo
RW.02.06.S13,RW.02.06.S13.C07,Rutungu
RW.02.06.S13,RW.02.06.S13.C08,Rwimiyaga
RW.02.06.S14,RW.02.06.S14.C01,Gishuro
RW.02.06.S14,RW.02.06.S14.C02,Gitengure
RW.02.06.S14,RW.02.06.S14.C03,Nkoma
RW.02.06.S14,RW.02.06.S14.C04,Nyabitekeri
RW.02.06.S14,RW.02.06.S14.C05,Nyagatoma
RW.02.06.S14,RW.02.06.S14.C06,Shonga
RW.02.06.S14,RW.02.06.S14.C07,Tabagwe
RW.04.05.S01,RW.04.05.S01.C01,Bushigishigi
RW.04.05.S01,RW.04.05.S01.C02,Byimana
RW.04.05.S01,RW.04.05.S01.C03,Gifurwe
RW.04.05.S01,RW.04.05.S01.C04,Kizimyamuriro
RW.04.05.S01,RW.04.05.S01.C05,Munini
RW.04.05.S01,RW.04.05.S01.C06,Rambya
RW.04.05.S02,RW.04.05.S02.C01,Gitega
RW.04.05.S02,RW.04.05.S02.C02,Karama
RW.04.05.S02,RW.04.05.S02.C03,Kiyumba
RW.04.05.S02,RW.04.05.S02.C04,Ngoma
RW.04.05.S02,RW.04.05.S02.C05,Nyanza
RW.04.05.S02,RW.04.05.S02.C06,Nyanzoga
RW.04.05.S03,RW.04.05.S03.C01,Kigeme
RW.04.05.S03,RW.04.05.S03.C02,Ngiryi
RW.04.05.S03,RW.04.05.S03.C03,Nyabivumu
RW.04.05.S03,RW.04.05.S03.C04,Nyamugari
RW.04.05.S03,RW.04.05.S03.C05,Nzega
RW.04.05.S03,RW.04.05.S03.C06,Remera
RW.04.05.S04,RW.04.05.S04.C01,Bakopfu
RW.04.05.S04,RW.04.05.S04.C02,Gatare
RW.04.05.S04,RW.04.05.S04.C03,Mukongoro
RW.04.05.S04,RW.04.05.S04.C04,Ruganda
RW.04.05.S04,RW.04.05.S04.C05,Shyeru
RW.04.05.S05,RW.04.05.S05.C01,Kavumu
RW.04.05.S05,RW.04.05.S05.C02,Murambi
RW.04.05.S05,RW.04.05.S05.C03,Musenyi
RW.04.05.S05,RW.04.05.S05.C04,Nyabisindu
RW.04.05.S05,RW.04.05.S05.C05,Nyamiyaga
RW.04.05.S06,RW.04.05.S06.C01,Bwama
RW.04.05.S06,RW.04.05.S06.C02,Kamegeri
RW.04.05.S06,RW.04.05.S06.C03,Kirehe
RW.04.05.S06,RW.04.05.S06.C04,Kizi
RW.04.05.S06,RW.04.05.S06.C05,Nyarusiza
RW.04.05.S06,RW.04.05.S06.C06,Rususa
RW.04.05.S07,RW.04.05.S07.C01,Bugarama
RW.04.05.S07,RW.04.05.S07.C02,Bugarura
RW.04.05.S07,RW.04.05.S07.C03,Gashiha
RW.04.05.S07,RW.04.05.S07.C04,Karambo
RW.04.05.S07,RW.04.05.S07.C05,Ruhunga
RW.04.05.S07,RW.04.05.S07.C06,Uwindekezi
RW.04.05.S08,RW.04.05.S08.C01,Bwenda
RW.04.05.S08,RW.04.05.S08.C02,Gakanka
RW.04.05.S08,RW.04.05.S08.C03,Kibibi
RW.04.05.S08,RW.04.05.S08.C04,Nyakiza
RW.04.05.S09,RW.04.05.S09.C01,Kagano
RW.04.05.S09,RW.04.05.S09.C02,Mujuga
RW.04.05.S09,RW.04.05.S09.C03,Mukungu
RW.04.05.S09,RW.04.05.S09.C04,Shaba
RW.04.05.S09,RW.04.05.S09.C05,Uwingugu
RW.04.05.S10,RW.04.05.S10.C01,Manwari
RW.04.05.S10,RW.04.05.S10.C02,Mutiwingoma
RW.04.05.S10,RW.04.05.S10.C03,Ngambi
RW.04.05.S10,RW.04.05.S10.C04,Ngara
RW.04.05.S11,RW.04.05.S11.C01,Gitondorero
RW.04.05.S11,RW.04.05.S11.C02,Gitwa
RW.04.05.S11,RW.04.05.S11.C03,Ruhinga
RW.04.05.S11,RW.04.05.S11.C04,Sovu
RW.04.05.S11,RW.04.05.S11.C05,Suti
RW.04.05.S11,RW.04.05.S11.C06,Yonde
RW.04.05.S12,RW.04.05.S12.C01,Gasave
RW.04.05.S12,RW.04.05.S12.C02,Jenda
RW.04.05.S12,RW.04.05.S12.C03,Masagara
RW.04.05.S12,RW.04.05.S12.C04,Masangano
RW.04.05.S12,RW.04.05.S12.C05,Masizi
RW.04.05.S12,RW.04.05.S12.C06,Nyagisozi
RW.04.05.S13,RW.04.05.S13.C01,Gatovu
RW.04.05.S13,RW.04.05.S13.C02,Nyarurambi
RW.04.05.S13,RW.04.05.S13.C03,Rugano
RW.04.05.S13,RW.04.05.S13.C04,Runege
RW.04.05.S13,RW.04.05.S13.C05,Rusekera
RW.04.05.S13,RW.04.05.S13.C06,Sekera
RW.04.05.S14,RW.04.05.S14.C01,Buteteri
RW.04.05.S14,RW.04.05.S14.C02,Cyobe
RW.04.05.S14,RW.04.05.S14.C03,Gashwati
RW.04.05.S15,RW.04.05.S15.C01,Bitandara
RW.04.05.S15,RW.04.05.S15.C02,Musaraba
RW.04.05.S15,RW.04.05.S15.C03,Mutengeri
RW.04.05.S15,RW.04.05.S15.C04,Nkomane
RW.04.05.S15,RW.04.05.S15.C05,Nyarwungo
RW.04.05.S15,RW.04.05.S15.C06,Twiya
RW.04.05.S16,RW.04.05.S16.C01,Buhoro
RW.04.05.S16,RW.04.05.S16.C02,Gasarenda
RW.04.05.S16,RW.04.05.S16.C03,Gatovu
RW.04.05.S16,RW.04.05.S16.C04,Kaganza
RW.04.05.S16,RW.04.05.S16.C05,Nkumbure
RW.04.05.S16,RW.04.05.S16.C06,Nyamigina
RW.04.05.S17,RW.04.05.S17.C01,Bigumira
RW.04.05.S17,RW.04.05.S17.C02,Gahira
RW.04.05.S17,RW.04.05.S17.C03,Kibyagira
RW.04.05.S17,RW.04.05.S17.C04,Mudasomwa
RW.04.05.S17,RW.04.05.S17.C05,Munyege
RW.04.05.S17,RW.04.05.S17.C06,Rugogwe
RW.05.04.S01,RW.05.04.S01.C01,Buvungira
RW.05.04.S01,RW.05.04.S01.C02,Mpumbu
RW.05.04.S01,RW.05.04.S01.C03,Ngoma
RW.05.04.S01,RW.05.04.S01.C04,Nyarusange
RW.05.04.S02,RW.05.04.S02.C01,Gasheke
RW.05.04.S02,RW.05.04.S02.C02,Impala
RW.05.04.S02,RW.05.04.S02.C03,Kagatamu
RW.05.04.S02,RW.05.04.S02.C04,Karusimbi
RW.05.04.S03,RW.05.04.S03.C01,Bisumo
RW.05.04.S03,RW.05.04.S03.C02,Murambi
RW.05.04.S03,RW.05.04.S03.C03,Mutongo
RW.05.04.S03,RW.05.04.S03.C04,Rugari
RW.05.04.S04,RW.05.04.S04.C01,Butare
RW.05.04.S04,RW.05.04.S04.C02,Gitwa
RW.05.04.S04,RW.05.04.S04.C03,Jarama
RW.05.04.S04,RW.05.04.S04.C04,Kibingo
RW.05.04.S04,RW.05.04.S04.C05,Mubuga
RW.05.04.S05,RW.05.04.S05.C01,Gako
RW.05.04.S05,RW.05.04.S05.C02,Mubumbano
RW.05.04.S05,RW.05.04.S05.C03,Ninzi
RW.05.04.S05,RW.05.04.S05.C04,Rwesero
RW.05.04.S05,RW.05.04.S05.C05,Shara
RW.05.04.S06,RW.05.04.S06.C01,Kibogora
RW.05.04.S06,RW.05.04.S06.C02,Kigarama
RW.05.04.S06,RW.05.04.S06.C03,Kigoya
RW.05.04.S06,RW.05.04.S06.C04,Raro
RW.05.04.S06,RW.05.04.S06.C05,Susa
RW.05.04.S07,RW.05.04.S07.C01,Gasovu
RW.05.04.S07,RW.05.04.S07.C02,Gitwe
RW.05.04.S07,RW.05.04.S07.C03,Kabuga
RW.05.04.S07,RW.05.04.S07.C04,Kagarama
RW.05.04.S07,RW.05.04.S07.C05,Rushyarara
RW.05.04.S08,RW.05.04.S08.C01,Gasayo
RW.05.04.S08,RW.05.04.S08.C02,Gashashi
RW.05.04.S08,RW.05.04.S08.C03,Higiro
RW.05.04.S08,RW.05.04.S08.C04,Miko
RW.05.04.S08,RW.05.04.S08.C05,Mwezi
RW.05.04.S09,RW.05.04.S09.C01,Cyimpindu
RW.05.04.S09,RW.05.04.S09.C02,Karengera
RW.05.04.S09,RW.05.04.S09.C03,Muhororo
RW.05.04.S09,RW.05.04.S09.C04,Nyarusange
RW.05.04.S10,RW.05.04.S10.C01,Gatare
RW.05.04.S10,RW.05.04.S10.C02,Mutongo
RW.05.04.S10,RW.05.04.S10.C03,Nyakabingo
RW.05.04.S10,RW.05.04.S10.C04,Rugari
RW.05.04.S10,RW.05.04.S10.C05,Vugangoma
RW.05.04.S11,RW.05.04.S11.C01,Gisoke
RW.05.04.S11,RW.05.04.S11.C02,Kagarama
RW.05.04.S11,RW.05.04.S11.C03,Nyagatare
RW.05.04.S11,RW.05.04.S11.C04,Nyakavumu
RW.05.04.S12,RW.05.04.S12.C01,Kigabiro
RW.05.04.S12,RW.05.04.S12.C02,Kinunga
RW.05.04.S12,RW.05.04.S12.C03,Mariba
RW.05.04.S12,RW.05.04.S12.C04,Muyange
RW.05.04.S12,RW.05.04.S12.C05,Ntango
RW.05.04.S13,RW.05.04.S13.C01,Banda
RW.05.04.S13,RW.05.04.S13.C02,Gakenke
RW.05.04.S13,RW.05.04.S13.C03,Jurwe
RW.05.04.S13,RW.05.04.S13.C04,Murambi
RW.05.04.S14,RW.05.04.S14.C01,Kanazi
RW.05.04.S14,RW.05.04.S14.C02,Ntendezi
RW.05.04.S14,RW.05.04.S14.C03,Save
RW.05.04.S14,RW.05.04.S14.C04,Wimana
RW.05.04.S15,RW.05.04.S15.C01,Burimba
RW.05.04.S15,RW.05.04.S15.C02,Mataba
RW.05.04.S15,RW.05.04.S15.C03,Mugera
RW.05.04.S15,RW.05.04.S15.C04,Nyamugari
RW.05.04.S15,RW.05.04.S15.C05,Shangi
RW.04.06.S01,RW.04.06.S01.C01,Gahondo
RW.04.06.S01,RW.04.06.S01.C02,Kavumu
RW.04.06.S01,RW.04.06.S01.C03,Kibinja
RW.04.06.S01,RW.04.06.S01.C04,Nyanza
RW.04.06.S01,RW.04.06.S01.C05,Rwesero
RW.04.06.S02,RW.04.06.S02.C01,Gitovu
RW.04.06.S02,RW.04.06.S02.C02,Kimirama
RW.04.06.S02,RW.04.06.S02.C03,Masangano
RW.04.06.S02,RW.04.06.S02.C04,Munyinya
RW.04.06.S02,RW.04.06.S02.C05,Rukingiro
RW.04.06.S02,RW.04.06.S02.C06,Shyira
RW.04.06.S03,RW.04.06.S03.C01,Kadaho
RW.04.06.S03,RW.04.06.S03.C02,Karama
RW.04.06.S03,RW.04.06.S03.C03,Nyabinyenga
RW.04.06.S03,RW.04.06.S03.C04,Nyarurama
RW.04.06.S03,RW.04.06.S03.C05,Rubona
RW.04.06.S04,RW.04.06.S04.C01,Cyeru
RW.04.06.S04,RW.04.06.S04.C02,Mbuye
RW.04.06.S04,RW.04.06.S04.C03,Mututu
RW.04.06.S04,RW.04.06.S04.C04,Rwotso
RW.04.06.S05,RW.04.06.S05.C01,Butansinda
RW.04.06.S05,RW.04.06.S05.C02,Butara
RW.04.06.S05,RW.04.06.S05.C03,Gahombo
RW.04.06.S05,RW.04.06.S05.C04,Gasoro
RW.04.06.S05,RW.04.06.S05.C05,Mulinja
RW.04.06.S06,RW.04.06.S06.C01,Cyerezo
RW.04.06.S06,RW.04.06.S06.C02,Gatagara
RW.04.06.S06,RW.04.06.S06.C03,Kiruli
RW.04.06.S06,RW.04.06.S06.C04,Mpanga
RW.04.06.S06,RW.04.06.S06.C05,Ngwa
RW.04.06.S06,RW.04.06.S06.C06,Nkomero
RW.04.06.S07,RW.04.06.S07.C01,Gati
RW.04.06.S07,RW.04.06.S07.C02,Migina
RW.04.06.S07,RW.04.06.S07.C03,Nyamiyaga
RW.04.06.S07,RW.04.06.S07.C04,Nyamure
RW.04.06.S07,RW.04.06.S07.C05,Nyundo
RW.04.06.S08,RW.04.06.S08.C01,Bugali
RW.04.06.S08,RW.04.06.S08.C02,Cyotamakara
RW.04.06.S08,RW.04.06.S08.C03,Kagunga
RW.04.06.S08,RW.04.06.S08.C04,Katarara
RW.04.06.S09,RW.04.06.S09.C01,Gahunga
RW.04.06.S09,RW.04.06.S09.C02,Kabirizi
RW.04.06.S09,RW.04.06.S09.C03,Kabuga
RW.04.06.S09,RW.04.06.S09.C04,Kirambi
RW.04.06.S09,RW.04.06.S09.C05,Rurangazi
RW.04.06.S10,RW.04.06.S10.C01,Gacu
RW.04.06.S10,RW.04.06.S10.C02,Gishike
RW.04.06.S10,RW.04.06.S10.C03,Mubuga
RW.04.06.S10,RW.04.06.S10.C04,Mushirarungu
RW.04.06.S10,RW.04.06.S10.C05,Nyarusange
RW.04.06.S10,RW.04.06.S10.C06,Runga
RW.01.03.S01,RW.01.03.S01.C01,Akabahizi
RW.01.03.S01,RW.01.03.S01.C02,Akabeza
RW.01.03.S01,RW.01.03.S01.C03,Gacyamo
RW.01.03.S01,RW.01.03.S01.C04,Kigarama
RW.01.03.S01,RW.01.03.S01.C05,Kinyange
RW.01.03.S01,RW.01.03.S01.C06,Kora
RW.01.03.S02,RW.01.03.S02.C01,Nyamweru
RW.01.03.S02,RW.01.03.S02.C02,Nzove
RW.01.03.S02,RW.01.03.S02.C03,Taba
RW.01.03.S03,RW.01.03.S03.C01,Kigali
RW.01.03.S03,RW.01.03.S03.C02,Mwendo
RW.01.03.S03,RW.01.03.S03.C03,Nyabugogo
RW.01.03.S03,RW.01.03.S03.C04,Ruriba
RW.01.03.S03,RW.01.03.S03.C05,Rwesero
RW.01.03.S04,RW.01.03.S04.C01,Kamuhoza
RW.01.03.S04,RW.01.03.S04.C02,Katabaro
RW.01.03.S04,RW.01.03.S04.C03,Kimisagara
RW.01.03.S05,RW.01.03.S05.C01,Kankuba
RW.01.03.S05,RW.01.03.S05.C02,Kavumu
RW.01.03.S05,RW.01.03.S05.C03,Mataba
RW.01.03.S05,RW.01.03.S05.C04,Ntungamo
RW.01.03.S05,RW.01.03.S05.C05,Nyarufunzo
RW.01.03.S05,RW.01.03.S05.C06,Nyarurenzi
RW.01.03.S05,RW.01.03.S05.C07,Runzenze
RW.01.03.S06,RW.01.03.S06.C01,Amahoro
RW.01.03.S06,RW.01.03.S06.C02,Kabasengerezi
RW.01.03.S06,RW.01.03.S06.C03,Kabeza
RW.01.03.S06,RW.01.03.S06.C04,Nyabugogo
RW.01.03.S06,RW.01.03.S06.C05,Rugenge
RW.01.03.S06,RW.01.03.S06.C06,Tetero
RW.01.03.S06,RW.01.03.S06.C07,Ubumwe
RW.01.03.S07,RW.01.03.S07.C01,MunaniraI
RW.01.03.S07,RW.01.03.S07.C02,MunaniraIi
RW.01.03.S07,RW.01.03.S07.C03,NyakabandaI
RW.01.03.S07,RW.01.03.S07.C04,NyakabandaIi
RW.01.03.S08,RW.01.03.S08.C01,Cyivugiza
RW.01.03.S08,RW.01.03.S08.C02,Gasharu
RW.01.03.S08,RW.01.03.S08.C03,Mumena
RW.01.03.S08,RW.01.03.S08.C04,Rugarama
RW.01.03.S09,RW.01.03.S09.C01,Agatare
RW.01.03.S09,RW.01.03.S09.C02,Biryogo
RW.01.03.S09,RW.01.03.S09.C03,Kiyovu
RW.01.03.S09,RW.01.03.S09.C04,Rwampara
RW.01.03.S10,RW.01.03.S10.C01,KabuguruI
RW.01.03.S10,RW.01.03.S10.C02,KabuguruIi
RW.01.03.S10,RW.01.03.S10.C03,RwezamenyoI
RW.01.03.S10,RW.01.03.S10.C04,RwezamenyoIi
RW.04.07.S01,RW.04.07.S01.C01,Kirarangombe
RW.04.07.S01,RW.04.07.S01.C02,Nkanda
RW.04.07.S01,RW.04.07.S01.C03,Nteko
RW.04.07.S01,RW.04.07.S01.C04,Runyombyi
RW.04.07.S01,RW.04.07.S01.C05,Shororo
RW.04.07.S02,RW.04.07.S02.C01,Coko
RW.04.07.S02,RW.04.07.S02.C02,Cyahinda
RW.04.07.S02,RW.04.07.S02.C03,Gasasa
RW.04.07.S02,RW.04.07.S02.C04,Muhambara
RW.04.07.S02,RW.04.07.S02.C05,Rutobwe
RW.04.07.S03,RW.04.07.S03.C01,Gakoma
RW.04.07.S03,RW.04.07.S03.C02,Kibeho
RW.04.07.S03,RW.04.07.S03.C03,Mbasa
RW.04.07.S03,RW.04.07.S03.C04,Mpanda
RW.04.07.S03,RW.04.07.S03.C05,Mubuga
RW.04.07.S03,RW.04.07.S03.C06,Nyange
RW.04.07.S04,RW.04.07.S04.C01,Cyanyirankora
RW.04.07.S04,RW.04.07.S04.C02,Gahurizo
RW.04.07.S04,RW.04.07.S04.C03,Kimina
RW.04.07.S04,RW.04.07.S04.C04,Kivu
RW.04.07.S04,RW.04.07.S04.C05,Rugerero
RW.04.07.S05,RW.04.07.S05.C01,Gorwe
RW.04.07.S05,RW.04.07.S05.C02,Murambi
RW.04.07.S05,RW.04.07.S05.C03,Nyamabuye
RW.04.07.S05,RW.04.07.S05.C04,Ramba
RW.04.07.S05,RW.04.07.S05.C05,Rwamiko
RW.04.07.S06,RW.04.07.S06.C01,Muganza
RW.04.07.S06,RW.04.07.S06.C02,Rukore
RW.04.07.S06,RW.04.07.S06.C03,Samiyonga
RW.04.07.S06,RW.04.07.S06.C04,Uwacyiza
RW.04.07.S07,RW.04.07.S07.C01,Giheta
RW.04.07.S07,RW.04.07.S07.C02,Ngarurira
RW.04.07.S07,RW.04.07.S07.C03,Ngeri
RW.04.07.S07,RW.04.07.S07.C04,Ntwali
RW.04.07.S07,RW.04.07.S07.C05,Nyarure
RW.04.07.S08,RW.04.07.S08.C01,Bitare
RW.04.07.S08,RW.04.07.S08.C02,Mukuge
RW.04.07.S08,RW.04.07.S08.C03,Murama
RW.04.07.S08,RW.04.07.S08.C04,Nyamirama
RW.04.07.S08,RW.04.07.S08.C05,Nyanza
RW.04.07.S08,RW.04.07.S08.C06,Yaramba
RW.04.07.S09,RW.04.07.S09.C01,Fugi
RW.04.07.S09,RW.04.07.S09.C02,Kibangu
RW.04.07.S09,RW.04.07.S09.C03,Kiyonza
RW.04.07.S09,RW.04.07.S09.C04,Mbuye
RW.04.07.S09,RW.04.07.S09.C05,Nyamirama
RW.04.07.S09,RW.04.07.S09.C06,Rubona
RW.04.07.S10,RW.04.07.S10.C01,Gihemvu
RW.04.07.S10,RW.04.07.S10.C02,Kabere
RW.04.07.S10,RW.04.07.S10.C03,Mishungero
RW.04.07.S10,RW.04.07.S10.C04,Nyabimata
RW.04.07.S10,RW.04.07.S10.C05,Ruhinga
RW.04.07.S11,RW.04.07.S11.C01,Maraba
RW.04.07.S11,RW.04.07.S11.C02,Mwoya
RW.04.07.S11,RW.04.07.S11.C03,Nkakwa
RW.04.07.S11,RW.04.07.S11.C04,Nyagisozi
RW.04.07.S12,RW.04.07.S12.C01,Gitita
RW.04.07.S12,RW.04.07.S12.C02,Kabere
RW.04.07.S12,RW.04.07.S12.C03,Remera
RW.04.07.S12,RW.04.07.S12.C04,Ruyenzi
RW.04.07.S12,RW.04.07.S12.C05,Uwumusebeya
RW.04.07.S13,RW.04.07.S13.C01,Gabiro
RW.04.07.S13,RW.04.07.S13.C02,Giseke
RW.04.07.S13,RW.04.07.S13.C03,Nyarugano
RW.04.07.S13,RW.04.07.S13.C04,Rugogwe
RW.04.07.S13,RW.04.07.S13.C05,Ruramba
RW.04.07.S14,RW.04.07.S14.C01,Bunge
RW.04.07.S14,RW.04.07.S14.C02,Cyuna
RW.04.07.S14,RW.04.07.S14.C03,Gikunzi
RW.04.07.S14,RW.04.07.S14.C04,Mariba
RW.04.07.S14,RW.04.07.S14.C05,Raranzige
RW.04.07.S14,RW.04.07.S14.C06,Rusenge
RW.05.05.S01,RW.05.05.S01.C01,Buringo
RW.05.05.S01,RW.05.05.S01.C02,Butaka
RW.05.05.S01,RW.05.05.S01.C03,Hehu
RW.05.05.S01,RW.05.05.S01.C04,Kabumba
RW.05.05.S01,RW.05.05.S01.C05,Mutovu
RW.05.05.S01,RW.05.05.S01.C06,Nsherima
RW.05.05.S01,RW.05.05.S01.C07,Rusiza
RW.05.05.S02,RW.05.05.S02.C01,Gacurabwenge
RW.05.05.S02,RW.05.05.S02.C02,Gasiza
RW.05.05.S02,RW.05.05.S02.C03,Gihonga
RW.05.05.S02,RW.05.05.S02.C04,Kageshi
RW.05.05.S02,RW.05.05.S02.C05,Makoro
RW.05.05.S02,RW.05.05.S02.C06,Nyacyonga
RW.05.05.S02,RW.05.05.S02.C07,Rusura
RW.05.05.S03,RW.05.05.S03.C01,Busigari
RW.05.05.S03,RW.05.05.S03.C02,Cyanzarwe
RW.05.05.S03,RW.05.05.S03.C03,Gora
RW.05.05.S03,RW.05.05.S03.C04,Kinyanzovu
RW.05.05.S03,RW.05.05.S03.C05,Makurizo
RW.05.05.S03,RW.05.05.S03.C06,Rwangara
RW.05.05.S03,RW.05.05.S03.C07,Rwanzekuma
RW.05.05.S03,RW.05.05.S03.C08,Ryabizige
RW.05.05.S04,RW.05.05.S04.C01,Amahoro
RW.05.05.S04,RW.05.05.S04.C02,Bugoyi
RW.05.05.S04,RW.05.05.S04.C03,Kivumu
RW.05.05.S04,RW.05.05.S04.C04,Mbugangari
RW.05.05.S04,RW.05.05.S04.C05,Nengo
RW.05.05.S04,RW.05.05.S04.C06,Rubavu
RW.05.05.S04,RW.05.05.S04.C07,Umuganda
RW.05.05.S05,RW.05.05.S05.C01,Kamuhoza
RW.05.05.S05,RW.05.05.S05.C02,Karambo
RW.05.05.S05,RW.05.05.S05.C03,Mahoko
RW.05.05.S05,RW.05.05.S05.C04,Musabike
RW.05.05.S05,RW.05.05.S05.C05,Nkomane
RW.05.05.S05,RW.05.05.S05.C06,Rusongati
RW.05.05.S05,RW.05.05.S05.C07,Yungwe
RW.05.05.S06,RW.05.05.S06.C01,Kanyirabigogo
RW.05.05.S06,RW.05.05.S06.C02,Kirerema
RW.05.05.S06,RW.05.05.S06.C03,Muramba
RW.05.05.S06,RW.05.05.S06.C04,Nyamikongi
RW.05.05.S06,RW.05.05.S06.C05,Nyamirango
RW.05.05.S06,RW.05.05.S06.C06,Nyaruteme
RW.05.05.S07,RW.05.05.S07.C01,Bihungwe
RW.05.05.S07,RW.05.05.S07.C02,Kanyundo
RW.05.05.S07,RW.05.05.S07.C03,Micinyiro
RW.05.05.S07,RW.05.05.S07.C04,Mirindi
RW.05.05.S07,RW.05.05.S07.C05,Ndoranyi
RW.05.05.S07,RW.05.05.S07.C06,Rungu
RW.05.05.S07,RW.05.05.S07.C07,Rwanyakayaga
RW.05.05.S08,RW.05.05.S08.C01,Bisizi
RW.05.05.S08,RW.05.05.S08.C02,Gikombe
RW.05.05.S08,RW.05.05.S08.C03,Kanyefurwe
RW.05.05.S08,RW.05.05.S08.C04,Nyarushyamba
RW.05.05.S09,RW.05.05.S09.C01,Burushya
RW.05.05.S09,RW.05.05.S09.C02,Busoro
RW.05.05.S09,RW.05.05.S09.C03,Kinigi
RW.05.05.S09,RW.05.05.S09.C04,Kiraga
RW.05.05.S09,RW.05.05.S09.C05,Munanira
RW.05.05.S09,RW.05.05.S09.C06,Rubona
RW.05.05.S10,RW.05.05.S10.C01,Bahimba
RW.05.05.S10,RW.05.05.S10.C02,Gatovu
RW.05.05.S10,RW.05.05.S10.C03,Kavomo
RW.05.05.S10,RW.05.05.S10.C04,Kigarama
RW.05.05.S10,RW.05.05.S10.C05,Mukondo
RW.05.05.S10,RW.05.05.S10.C06,Nyundo
RW.05.05.S10,RW.05.05.S10.C07,Terimbere
RW.05.05.S11,RW.05.05.S11.C01,Buhaza
RW.05.05.S11,RW.05.05.S11.C02,Burinda
RW.05.05.S11,RW.05.05.S11.C03,Byahi
RW.05.05.S11,RW.05.05.S11.C04,Gikombe
RW.05.05.S11,RW.05.05.S11.C05,Murambi
RW.05.05.S11,RW.05.05.S11.C06,Murara
RW.05.05.S11,RW.05.05.S11.C07,Rukoko
RW.05.05.S12,RW.05.05.S12.C01,Basa
RW.05.05.S12,RW.05.05.S12.C02,Gisa
RW.05.05.S12,RW.05.05.S12.C03,Kabilizi
RW.05.05.S12,RW.05.05.S12.C04,Muhira
RW.05.05.S12,RW.05.05.S12.C05,Rugerero
RW.05.05.S12,RW.05.05.S12.C06,Rushubi
RW.05.05.S12,RW.05.05.S12.C07,Rwaza
RW.04.08.S01,RW.04.08.S01.C01,Buhanda
RW.04.08.S01,RW.04.08.S01.C02,Gitisi
RW.04.08.S01,RW.04.08.S01.C03,Murama
RW.04.08.S01,RW.04.08.S01.C04,Rubona
RW.04.08.S01,RW.04.08.S01.C05,Rwinyana
RW.04.08.S02,RW.04.08.S02.C01,Kamusenyi
RW.04.08.S02,RW.04.08.S02.C02,Kirengeri
RW.04.08.S02,RW.04.08.S02.C03,Mahembe
RW.04.08.S02,RW.04.08.S02.C04,Mpanda
RW.04.08.S02,RW.04.08.S02.C05,Muhororo
RW.04.08.S02,RW.04.08.S02.C06,Ntenyo
RW.04.08.S02,RW.04.08.S02.C07,Nyakabuye
RW.04.08.S03,RW.04.08.S03.C01,Bihembe
RW.04.08.S03,RW.04.08.S03.C02,Karambi
RW.04.08.S03,RW.04.08.S03.C03,Munanira
RW.04.08.S03,RW.04.08.S03.C04,Remera
RW.04.08.S03,RW.04.08.S03.C05,Rwesero
RW.04.08.S03,RW.04.08.S03.C06,Rwoga
RW.04.08.S04,RW.04.08.S04.C01,Burima
RW.04.08.S04,RW.04.08.S04.C02,Gisali
RW.04.08.S04,RW.04.08.S04.C03,Kinazi
RW.04.08.S04,RW.04.08.S04.C04,Rubona
RW.04.08.S04,RW.04.08.S04.C05,Rutabo
RW.04.08.S05,RW.04.08.S05.C01,Bweramvura
RW.04.08.S05,RW.04.08.S05.C02,Gitinda
RW.04.08.S05,RW.04.08.S05.C03,Kirwa
RW.04.08.S05,RW.04.08.S05.C04,Muyunzwe
RW.04.08.S05,RW.04.08.S05.C05,Nyakogo
RW.04.08.S05,RW.04.08.S05.C06,Rukina
RW.04.08.S06,RW.04.08.S06.C01,Cyanza
RW.04.08.S06,RW.04.08.S06.C02,Gisanga
RW.04.08.S06,RW.04.08.S06.C03,Kabuga
RW.04.08.S06,RW.04.08.S06.C04,Kizibere
RW.04.08.S06,RW.04.08.S06.C05,Mbuye
RW.04.08.S06,RW.04.08.S06.C06,Mwendo
RW.04.08.S06,RW.04.08.S06.C07,Nyakarekare
RW.04.08.S07,RW.04.08.S07.C01,Gafunzo
RW.04.08.S07,RW.04.08.S07.C02,Gishweru
RW.04.08.S07,RW.04.08.S07.C03,Kamujisho
RW.04.08.S07,RW.04.08.S07.C04,Kigarama
RW.04.08.S07,RW.04.08.S07.C05,Kubutare
RW.04.08.S07,RW.04.08.S07.C06,Mutara
RW.04.08.S07,RW.04.08.S07.C07,Nyabibugu
RW.04.08.S07,RW.04.08.S07.C08,Saruheshyi
RW.04.08.S08,RW.04.08.S08.C01,Gako
RW.04.08.S08,RW.04.08.S08.C02,Kareba
RW.04.08.S08,RW.04.08.S08.C03,Kayenzi
RW.04.08.S08,RW.04.08.S08.C04,Kebero
RW.04.08.S08,RW.04.08.S08.C05,Nyagisozi
RW.04.08.S08,RW.04.08.S08.C06,Nyakabungo
RW.04.08.S08,RW.04.08.S08.C07,Nyarurama
RW.04.08.S09,RW.04.08.S09.C01,Buhoro
RW.04.08.S09,RW.04.08.S09.C02,Bunyogombe
RW.04.08.S09,RW.04.08.S09.C03,Gikoma
RW.04.08.S09,RW.04.08.S09.C04,Munini
RW.04.08.S09,RW.04.08.S09.C05,Musamo
RW.04.08.S09,RW.04.08.S09.C06,Nyamagana
RW.04.08.S09,RW.04.08.S09.C07,Rwoga
RW.04.08.S09,RW.04.08.S09.C08,Tambwe
RW.03.05.S01,RW.03.05.S01.C01,Cyohoha
RW.03.05.S01,RW.03.05.S01.C02,Gitare
RW.03.05.S01,RW.03.05.S01.C03,Rwamahwa
RW.03.05.S02,RW.03.05.S02.C01,Butangampundu
RW.03.05.S02,RW.03.05.S02.C02,Karengeri
RW.03.05.S02,RW.03.05.S02.C03,Taba
RW.03.05.S03,RW.03.05.S03.C01,Gasiza
RW.03.05.S03,RW.03.05.S03.C02,Giko
RW.03.05.S03,RW.03.05.S03.C03,Kayenzi
RW.03.05.S03,RW.03.05.S03.C04,Mukoto
RW.03.05.S03,RW.03.05.S03.C05,Nyirangarama
RW.03.05.S04,RW.03.05.S04.C01,Busoro
RW.03.05.S04,RW.03.05.S04.C02,Butare
RW.03.05.S04,RW.03.05.S04.C03,Gahororo
RW.03.05.S04,RW.03.05.S04.C04,Gitumba
RW.03.05.S04,RW.03.05.S04.C05,Karama
RW.03.05.S04,RW.03.05.S04.C06,Mwumba
RW.03.05.S04,RW.03.05.S04.C07,Ndarage
RW.03.05.S05,RW.03.05.S05.C01,Budakiranya
RW.03.05.S05,RW.03.05.S05.C02,Migendezo
RW.03.05.S05,RW.03.05.S05.C03,Rudogo
RW.03.05.S06,RW.03.05.S06.C01,Burehe
RW.03.05.S06,RW.03.05.S06.C02,Marembo
RW.03.05.S06,RW.03.05.S06.C03,Rwili
RW.03.05.S07,RW.03.05.S07.C01,Butunzi
RW.03.05.S07,RW.03.05.S07.C02,Karegamazi
RW.03.05.S07,RW.03.05.S07.C03,Marembo
RW.03.05.S07,RW.03.05.S07.C04,Rebero
RW.03.05.S08,RW.03.05.S08.C01,Gitatsa
RW.03.05.S08,RW.03.05.S08.C02,Kamushenyi
RW.03.05.S08,RW.03.05.S08.C03,Kigarama
RW.03.05.S08,RW.03.05.S08.C04,Mubuga
RW.03.05.S08,RW.03.05.S08.C05,Murama
RW.03.05.S08,RW.03.05.S08.C06,Sayo
RW.03.05.S09,RW.03.05.S09.C01,Kabuga
RW.03.05.S09,RW.03.05.S09.C02,Kigarama
RW.03.05.S09,RW.03.05.S09.C03,Kivugiza
RW.03.05.S09,RW.03.05.S09.C04,Nyamyumba
RW.03.05.S09,RW.03.05.S09.C05,Shengampuli
RW.03.05.S10,RW.03.05.S10.C01,Bukoro
RW.03.05.S10,RW.03.05.S10.C02,Mushari
RW.03.05.S10,RW.03.05.S10.C03,Ngiramazi
RW.03.05.S10,RW.03.05.S10.C04,Rurenge
RW.03.05.S11,RW.03.05.S11.C01,Bubangu
RW.03.05.S11,RW.03.05.S11.C02,Gatwa
RW.03.05.S11,RW.03.05.S11.C03,Mugambazi
RW.03.05.S11,RW.03.05.S11.C04,Mvuzo
RW.03.05.S12,RW.03.05.S12.C01,Kabuga
RW.03.05.S12,RW.03.05.S12.C02,Karambo
RW.03.05.S12,RW.03.05.S12.C03,Mugote
RW.03.05.S12,RW.03.05.S12.C04,Munyarwanda
RW.03.05.S13,RW.03.05.S13.C01,Kajevuba
RW.03.05.S13,RW.03.05.S13.C02,Kiyanza
RW.03.05.S13,RW.03.05.S13.C03,Mahaza
RW.03.05.S14,RW.03.05.S14.C01,Buraro
RW.03.05.S14,RW.03.05.S14.C02,Bwimo
RW.03.05.S14,RW.03.05.S14.C03,Mberuka
RW.03.05.S14,RW.03.05.S14.C04,Mbuye
RW.03.05.S15,RW.03.05.S15.C01,Gako
RW.03.05.S15,RW.03.05.S15.C02,Kirenge
RW.03.05.S15,RW.03.05.S15.C03,Taba
RW.03.05.S16,RW.03.05.S16.C01,Bugaragara
RW.03.05.S16,RW.03.05.S16.C02,Kijabagwe
RW.03.05.S16,RW.03.05.S16.C03,Muvumu
RW.03.05.S16,RW.03.05.S16.C04,Rubona
RW.03.05.S16,RW.03.05.S16.C05,Rutonde
RW.03.05.S17,RW.03.05.S17.C01,Barari
RW.03.05.S17,RW.03.05.S17.C02,Gahabwa
RW.03.05.S17,RW.03.05.S17.C03,Misezero
RW.03.05.S17,RW.03.05.S17.C04,Nyirabirori
RW.03.05.S17,RW.03.05.S17.C05,Taba
RW.05.06.S01,RW.05.06.S01.C01,Nyange
RW.05.06.S01,RW.05.06.S01.C02,Pera
RW.05.06.S01,RW.05.06.S01.C03,Ryankana
RW.05.06.S02,RW.05.06.S02.C01,Butanda
RW.05.06.S02,RW.05.06.S02.C02,Gatereri
RW.05.06.S02,RW.05.06.S02.C03,Nyamihanda
RW.05.06.S02,RW.05.06.S02.C04,Rwambogo
RW.05.06.S03,RW.05.06.S03.C01,Gikungu
RW.05.06.S03,RW.05.06.S03.C02,Kiyabo
RW.05.06.S03,RW.05.06.S03.C03,Murwa
RW.05.06.S03,RW.05.06.S03.C04,Nyamuzi
RW.05.06.S03,RW.05.06.S03.C05,Rasano
RW.05.06.S04,RW.05.06.S04.C01,Birembo
RW.05.06.S04,RW.05.06.S04.C02,Buhokoro
RW.05.06.S04,RW.05.06.S04.C03,Kabakobwa
RW.05.06.S04,RW.05.06.S04.C04,Kacyuma
RW.05.06.S04,RW.05.06.S04.C05,Kamurehe
RW.05.06.S04,RW.05.06.S04.C06,Karemereye
RW.05.06.S04,RW.05.06.S04.C07,Muti
RW.05.06.S04,RW.05.06.S04.C08,Rusayo
RW.05.06.S05,RW.05.06.S05.C01,Cyendajuru
RW.05.06.S05,RW.05.06.S05.C02,Gakomeye
RW.05.06.S05,RW.05.06.S05.C03,Giheke
RW.05.06.S05,RW.05.06.S05.C04,Kamashangi
RW.05.06.S05,RW.05.06.S05.C05,Kigenge
RW.05.06.S05,RW.05.06.S05.C06,Ntura
RW.05.06.S05,RW.05.06.S05.C07,Rwega
RW.05.06.S05,RW.05.06.S05.C08,Turambi
RW.05.06.S06,RW.05.06.S06.C01,Burunga
RW.05.06.S06,RW.05.06.S06.C02,Gatsiro
RW.05.06.S06,RW.05.06.S06.C03,Gihaya
RW.05.06.S06,RW.05.06.S06.C04,Kagara
RW.05.06.S06,RW.05.06.S06.C05,Kamatita
RW.05.06.S06,RW.05.06.S06.C06,Shagasha
RW.05.06.S07,RW.05.06.S07.C01,Kizura
RW.05.06.S07,RW.05.06.S07.C02,Mpinga
RW.05.06.S07,RW.05.06.S07.C03,Nyamigina
RW.05.06.S08,RW.05.06.S08.C01,Cyingwa
RW.05.06.S08,RW.05.06.S08.C02,Gahungeri
RW.05.06.S08,RW.05.06.S08.C03,Hangabashi
RW.05.06.S08,RW.05.06.S08.C04,Mashesha
RW.05.06.S09,RW.05.06.S09.C01,Cyangugu
RW.05.06.S09,RW.05.06.S09.C02,Gihundwe
RW.05.06.S09,RW.05.06.S09.C03,Kamashangi
RW.05.06.S09,RW.05.06.S09.C04,Kamurera
RW.05.06.S09,RW.05.06.S09.C05,Ruganda
RW.05.06.S10,RW.05.06.S10.C01,Cyarukara
RW.05.06.S10,RW.05.06.S10.C02,Gakoni
RW.05.06.S10,RW.05.06.S10.C03,Shara
RW.05.06.S11,RW.05.06.S11.C01,Gahinga
RW.05.06.S11,RW.05.06.S11.C02,Kabahinda
RW.05.06.S11,RW.05.06.S11.C03,Kabasigirira
RW.05.06.S11,RW.05.06.S11.C04,Kagarama
RW.05.06.S11,RW.05.06.S11.C05,Karambi
RW.05.06.S11,RW.05.06.S11.C06,Miko
RW.05.06.S11,RW.05.06.S11.C07,Tara
RW.05.06.S12,RW.05.06.S12.C01,Gitwa
RW.05.06.S12,RW.05.06.S12.C02,Kamanyenga
RW.05.06.S12,RW.05.06.S12.C03,Kangazi
RW.05.06.S12,RW.05.06.S12.C04,Kinyaga
RW.05.06.S12,RW.05.06.S12.C05,Rugabano
RW.05.06.S13,RW.05.06.S13.C01,Bigoga
RW.05.06.S13,RW.05.06.S13.C02,Bugarura
RW.05.06.S13,RW.05.06.S13.C03,Ishywa
RW.05.06.S13,RW.05.06.S13.C04,Kamagimbo
RW.05.06.S13,RW.05.06.S13.C05,Rwenje
RW.05.06.S14,RW.05.06.S14.C01,Gatare
RW.05.06.S14,RW.05.06.S14.C02,Kiziguro
RW.05.06.S14,RW.05.06.S14.C03,Mataba
RW.05.06.S14,RW.05.06.S14.C04,Ryamuhirwa
RW.05.06.S15,RW.05.06.S15.C01,Gasebeya
RW.05.06.S15,RW.05.06.S15.C02,Gaseke
RW.05.06.S15,RW.05.06.S15.C03,Kamanu
RW.05.06.S15,RW.05.06.S15.C04,Kiziho
RW.05.06.S15,RW.05.06.S15.C05,Mashyuza
RW.05.06.S15,RW.05.06.S15.C06,Nyabintare
RW.05.06.S16,RW.05.06.S16.C01,Gatare
RW.05.06.S16,RW.05.06.S16.C02,Kabagina
RW.05.06.S16,RW.05.06.S16.C03,Kabuye
RW.05.06.S16,RW.05.06.S16.C04,Kanoga
RW.05.06.S16,RW.05.06.S16.C05,Karangiro
RW.05.06.S16,RW.05.06.S16.C06,Murambi
RW.05.06.S16,RW.05.06.S16.C07,Rusambu
RW.05.06.S17,RW.05.06.S17.C01,Butambamo
RW.05.06.S17,RW.05.06.S17.C02,Kigenge
RW.05.06.S17,RW.05.06.S17.C03,Murya
RW.05.06.S17,RW.05.06.S17.C04,Nyenji
RW.05.06.S17,RW.05.06.S17.C05,Rebero
RW.05.06.S17,RW.05.06.S17.C06,Rwinzuki
RW.05.06.S18,RW.05.06.S18.C01,Karenge
RW.05.06.S18,RW.05.06.S18.C02,Muhehwe
RW.05.06.S18,RW.05.06.S18.C03,Mushaka
RW.05.06.S18,RW.05.06.S18.C04,Rubugu
RW.05.06.S18,RW.05.06.S18.C05,Ruganda
RW.05.07.S01,RW.05.07.S01.C01,Bushaka
RW.05.07.S01,RW.05.07.S01.C02,Kabihogo
RW.05.07.S01,RW.05.07.S01.C03,Nkira
RW.05.07.S01,RW.05.07.S01.C04,Remera
RW.05.07.S02,RW.05.07.S02.C01,Bugina
RW.05.07.S02,RW.05.07.S02.C02,Congo-nil
RW.05.07.S02,RW.05.07.S02.C03,Mataba
RW.05.07.S02,RW.05.07.S02.C04,Murambi
RW.05.07.S02,RW.05.07.S02.C05,Ruhingo
RW.05.07.S02,RW.05.07.S02.C06,Shyembe
RW.05.07.S02,RW.05.07.S02.C07,Teba
RW.05.07.S03,RW.05.07.S03.C01,Buhindure
RW.05.07.S03,RW.05.07.S03.C02,Nkora
RW.05.07.S03,RW.05.07.S03.C03,Nyagahinika
RW.05.07.S03,RW.05.07.S03.C04,Rukaragata
RW.05.07.S04,RW.05.07.S04.C01,Bunyoni
RW.05.07.S04,RW.05.07.S04.C02,Bunyunju
RW.05.07.S04,RW.05.07.S04.C03,Kabere
RW.05.07.S04,RW.05.07.S04.C04,Kabujenje
RW.05.07.S04,RW.05.07.S04.C05,Karambi
RW.05.07.S04,RW.05.07.S04.C06,Nganzo
RW.05.07.S05,RW.05.07.S05.C01,Haniro
RW.05.07.S05,RW.05.07.S05.C02,Muyira
RW.05.07.S05,RW.05.07.S05.C03,Tangabo
RW.05.07.S06,RW.05.07.S06.C01,Kabuga
RW.05.07.S06,RW.05.07.S06.C02,Kagano
RW.05.07.S06,RW.05.07.S06.C03,Kageyo
RW.05.07.S06,RW.05.07.S06.C04,Kagusa
RW.05.07.S06,RW.05.07.S06.C05,Karambo
RW.05.07.S06,RW.05.07.S06.C06,Mwendo
RW.05.07.S07,RW.05.07.S07.C01,Kirwa
RW.05.07.S07,RW.05.07.S07.C02,Mburamazi
RW.05.07.S07,RW.05.07.S07.C03,Rugeyo
RW.05.07.S07,RW.05.07.S07.C04,Twabugezi
RW.05.07.S08,RW.05.07.S08.C01,Gabiro
RW.05.07.S08,RW.05.07.S08.C02,Gisiza
RW.05.07.S08,RW.05.07.S08.C03,Murambi
RW.05.07.S08,RW.05.07.S08.C04,Nyarubuye
RW.05.07.S09,RW.05.07.S09.C01,Biruyi
RW.05.07.S09,RW.05.07.S09.C02,Kaguriro
RW.05.07.S09,RW.05.07.S09.C03,Magaba
RW.05.07.S09,RW.05.07.S09.C04,Rurara
RW.05.07.S10,RW.05.07.S10.C01,Bumba
RW.05.07.S10,RW.05.07.S10.C02,Cyarusera
RW.05.07.S10,RW.05.07.S10.C03,Gitwa
RW.05.07.S10,RW.05.07.S10.C04,Mageragere
RW.05.07.S10,RW.05.07.S10.C05,Sure
RW.05.07.S11,RW.05.07.S11.C01,Busuku
RW.05.07.S11,RW.05.07.S11.C02,Cyivugiza
RW.05.07.S11,RW.05.07.S11.C03,Mubuga
RW.05.07.S11,RW.05.07.S11.C04,Ngoma
RW.05.07.S11,RW.05.07.S11.C05,Terimbere
RW.05.07.S12,RW.05.07.S12.C01,Gatare
RW.05.07.S12,RW.05.07.S12.C02,Gihira
RW.05.07.S12,RW.05.07.S12.C03,Kavumu
RW.05.07.S12,RW.05.07.S12.C04,Nyakarera
RW.05.07.S12,RW.05.07.S12.C05,Rugasa
RW.05.07.S12,RW.05.07.S12.C06,Rundoyi
RW.05.07.S13,RW.05.07.S13.C01,Kabona
RW.05.07.S13,RW.05.07.S13.C02,Mberi
RW.05.07.S13,RW.05.07.S13.C03,Remera
RW.05.07.S13,RW.05.07.S13.C04,Ruronde
RW.02.07.S01,RW.02.07.S01.C01,Mununu
RW.02.07.S01,RW.02.07.S01.C02,Nyagasambu
RW.02.07.S01,RW.02.07.S01.C03,Nyakagunga
RW.02.07.S01,RW.02.07.S01.C04,Nyamirama
RW.02.07.S01,RW.02.07.S01.C05,Nyarubuye
RW.02.07.S01,RW.02.07.S01.C06,Sasabirago
RW.02.07.S02,RW.02.07.S02.C01,Gihumuza
RW.02.07.S02,RW.02.07.S02.C02,Kagezi
RW.02.07.S02,RW.02.07.S02.C03,Kanyangese
RW.02.07.S02,RW.02.07.S02.C04,Kibare
RW.02.07.S02,RW.02.07.S02.C05,Mutamwa
RW.02.07.S02,RW.02.07.S02.C06,Rugarama
RW.02.07.S02,RW.02.07.S02.C07,Runyinya
RW.02.07.S02,RW.02.07.S02.C08,Rweri
RW.02.07.S03,RW.02.07.S03.C01,Binunga
RW.02.07.S03,RW.02.07.S03.C02,Bwinsanga
RW.02.07.S03,RW.02.07.S03.C03,Cyinyana
RW.02.07.S03,RW.02.07.S03.C04,Gati
RW.02.07.S03,RW.02.07.S03.C05,Kavumu
RW.02.07.S03,RW.02.07.S03.C06,Ruhimbi
RW.02.07.S03,RW.02.07.S03.C07,Ruhunda
RW.02.07.S04,RW.02.07.S04.C01,Bicaca
RW.02.07.S04,RW.02.07.S04.C02,Byimana
RW.02.07.S04,RW.02.07.S04.C03,Kabasore
RW.02.07.S04,RW.02.07.S04.C04,Kangamba
RW.02.07.S04,RW.02.07.S04.C05,Karenge
RW.02.07.S04,RW.02.07.S04.C06,Nyabubare
RW.02.07.S04,RW.02.07.S04.C07,Nyamatete
RW.02.07.S05,RW.02.07.S05.C01,Bwiza
RW.02.07.S05,RW.02.07.S05.C02,Cyanya
RW.02.07.S05,RW.02.07.S05.C03,Nyagasenyi
RW.02.07.S05,RW.02.07.S05.C04,Sibagire
RW.02.07.S05,RW.02.07.S05.C05,Sovu
RW.02.07.S06,RW.02.07.S06.C01,Byeza
RW.02.07.S06,RW.02.07.S06.C02,Kabare
RW.02.07.S06,RW.02.07.S06.C03,Karambi
RW.02.07.S06,RW.02.07.S06.C04,Karitutu
RW.02.07.S06,RW.02.07.S06.C05,Kitazigurwa
RW.02.07.S06,RW.02.07.S06.C06,Murambi
RW.02.07.S06,RW.02.07.S06.C07,Nsinda
RW.02.07.S06,RW.02.07.S06.C08,Ntebe
RW.02.07.S06,RW.02.07.S06.C09,Nyarusange
RW.02.07.S07,RW.02.07.S07.C01,Kaduha
RW.02.07.S07,RW.02.07.S07.C02,Nkungu
RW.02.07.S07,RW.02.07.S07.C03,Rweru
RW.02.07.S07,RW.02.07.S07.C04,Zinga
RW.02.07.S08,RW.02.07.S08.C01,Binunga
RW.02.07.S08,RW.02.07.S08.C02,Bwana
RW.02.07.S08,RW.02.07.S08.C03,Cyarukamba
RW.02.07.S08,RW.02.07.S08.C04,Cyimbazi
RW.02.07.S08,RW.02.07.S08.C05,Nkomangwa
RW.02.07.S08,RW.02.07.S08.C06,Nyarubuye
RW.02.07.S09,RW.02.07.S09.C01,Akabare
RW.02.07.S09,RW.02.07.S09.C02,Budahanda
RW.02.07.S09,RW.02.07.S09.C03,Kagarama
RW.02.07.S09,RW.02.07.S09.C04,Musha
RW.02.07.S09,RW.02.07.S09.C05,Nyabisindu
RW.02.07.S09,RW.02.07.S09.C06,Nyakabanda
RW.02.07.S10,RW.02.07.S10.C01,Akinyambo
RW.02.07.S10,RW.02.07.S10.C02,Bujyujyu
RW.02.07.S10,RW.02.07.S10.C03,Murehe
RW.02.07.S10,RW.02.07.S10.C04,Ntebe
RW.02.07.S10,RW.02.07.S10.C05,Nyarukombe
RW.02.07.S11,RW.02.07.S11.C01,Bicumbi
RW.02.07.S11,RW.02.07.S11.C02,Bushenyi
RW.02.07.S11,RW.02.07.S11.C03,Mwulire
RW.02.07.S11,RW.02.07.S11.C04,Ntunga
RW.02.07.S12,RW.02.07.S12.C01,Bihembe
RW.02.07.S12,RW.02.07.S12.C02,Gatare
RW.02.07.S12,RW.02.07.S12.C03,Gishore
RW.02.07.S12,RW.02.07.S12.C04,Munini
RW.02.07.S12,RW.02.07.S12.C05,Rwimbogo
RW.02.07.S13,RW.02.07.S13.C01,Akanzu
RW.02.07.S13,RW.02.07.S13.C02,Kigarama
RW.02.07.S13,RW.02.07.S13.C03,Murama
RW.02.07.S13,RW.02.07.S13.C04,Rugarama
RW.02.07.S14,RW.02.07.S14.C01,Byinza
RW.02.07.S14,RW.02.07.S14.C02,Kabatasi
RW.02.07.S14,RW.02.07.S14.C03,Kabuye
RW.02.07.S14,RW.02.07.S14.C04,Karambi
RW.02.07.S14,RW.02.07.S14.C05,Mabare
RW.02.07.S14,RW.02.07.S14.C06,Nawe
